PooledFundId,PooledFundName,PooledFundCodeAbbrv,ContributionCode,FiscalYear,DonorName,DonorCode,GMSDonorID,GMSDonorName,CountryCode,PledgeDate,PledgeAmt,PipeLineDate,PaidDate,PaidAmt,ExpectedDate,PledgeAmtLocalCurrency,PledgeAmtCurrencyExchangeRate,PaidAmtLocalCurrency,PaidAmtCurrencyExchangeRate,PledgeAmtLocal,PaidAmtLocal,IsTransfer
23,Afghanistan,AFG23,ERF/AHF/77584/84476/2025,2026,Government of Canada,119,7,Canada,CA,5/1/2025 12:00:00 AM,974025.97,3/19/2025 12:00:00 AM,7/14/2026 12:00:00 AM,956848.88,1/1/0001 12:00:00 AM,CAD,1.44,CAD,1.41,1350000,1350113.77,0
23,Afghanistan,AFG23,ERF/AHF/77800/85060/2025,2026,Government of Luxembourg,10,15,Luxembourg,LU,12/11/2025 12:00:00 AM,347624.57,11/3/2025 12:00:00 AM,4/13/2026 12:00:00 AM,343642.61,1/1/0001 12:00:00 AM,EUR,0.86,EUR,0.87,300000,300000,0
23,Afghanistan,AFG23,ERF/AHF/78219/85788/2026,2026,Kuwait,64,64,Kuwait,KW,8/6/2026 12:00:00 AM,1250000,7/8/2026 12:00:00 AM,9/10/2026 12:00:00 AM,1250000,1/1/0001 12:00:00 AM,USD,1,USD,1,1250000,1250000,0
23,Afghanistan,AFG23,ERF/AHF/78024/85400/2026,2026,IRISH AID,23,13,Ireland,IE,3/16/2026 12:00:00 AM,3460207.61,3/3/2026 12:00:00 AM,4/14/2026 12:00:00 AM,3436426.12,1/1/0001 12:00:00 AM,EUR,0.85,EUR,0.87,3000000,3000000,0
23,Afghanistan,AFG23,ERF/AHF/78082/85551/2026,2026,Government of Norway,12,17,Norway,NO,5/13/2026 12:00:00 AM,1613423.69,4/15/2026 12:00:00 AM,5/22/2026 12:00:00 AM,1626325.16,1/1/0001 12:00:00 AM,NOK,9.48,NOK,9.22,15000000,14999596.96,0
23,Afghanistan,AFG23,ERF/AHF/78112/85594/2026,2026,UN Foundation/UN Partnership Office,131,132,Private donations (through UNF),UNF,1/20/2026 12:00:00 AM,19055.18,4/24/2026 12:00:00 AM,5/28/2026 12:00:00 AM,19055.18,1/1/0001 12:00:00 AM,USD,1,USD,1,19055.18,19055.18,0
23,Afghanistan,AFG23,ERF/AHF/78212/85761/2026,2026,Government of Netherlands,11,16,Netherlands,NL,7/13/2026 12:00:00 AM,5714285.71,7/2/2026 12:00:00 AM,7/16/2026 12:00:00 AM,5714285.72,1/1/0001 12:00:00 AM,EUR,0.88,EUR,0.88,5000000,5000000,0
23,Afghanistan,AFG23,ERF/AHF/78276/85869/2026,2026,Sida,20,22,Sweden,SE,9/11/2026 12:00:00 AM,1050309.84,9/11/2026 12:00:00 AM,1/1/0001 12:00:00 AM,0,1/1/0001 12:00:00 AM,SEK,9.52,SEK,0,10000000,0,0
23,Afghanistan,AFG23,ERF/AHF/75585/81855/2023,2026,Government of Switzerland,16,24,Switzerland,CH,5/25/2023 12:00:00 AM,1675977.65,5/22/2023 12:00:00 AM,2/16/2026 12:00:00 AM,1953125,1/1/0001 12:00:00 AM,CHF,0.9,CHF,0.77,1500000,1500000,0
23,Afghanistan,AFG23,ERF/AHF/78092/85573/2026,2026,Government of Denmark,5,8,Denmark,DK,3/23/2026 12:00:00 AM,5401234.57,3/19/2026 12:00:00 AM,4/16/2026 12:00:00 AM,5489646.68,1/1/0001 12:00:00 AM,DKK,6.48,DKK,6.38,35000000,35001987.23,0
23,Afghanistan,AFG23,ERF/AHF/77981/85222/2026,2026,Sida,20,22,Sweden,SE,3/16/2026 12:00:00 AM,3007841.87,2/2/2026 12:00:00 AM,3/30/2026 12:00:00 AM,2985662.75,1/1/0001 12:00:00 AM,SEK,8.81,SEK,9.38,28000000,27999545.3,0
23,Afghanistan,AFG23,ERF/AHF/78084/85565/2026,2026,Iceland,55,55,Iceland,IS,4/17/2026 12:00:00 AM,409131.82,4/16/2026 12:00:00 AM,5/5/2026 12:00:00 AM,402037.85,1/1/0001 12:00:00 AM,ISK,122.21,ISK,124.37,50000000,49999839.25,0
23,Afghanistan,AFG23,ERF/AHF/78017/85393/2026,2026,Government of Australia,2,3,Australia,AU,5/18/2026 12:00:00 AM,6521739.13,3/3/2026 12:00:00 AM,6/22/2026 12:00:00 AM,6342120.68,1/1/0001 12:00:00 AM,AUD,1.41,AUD,1.42,9000000,8999469.24,0
23,Afghanistan,AFG23,ERF/AHF/78133/85651/2026,2026,EUROPEAN UNION,105,105,European Commission,EU,7/21/2026 12:00:00 AM,11428571.43,5/22/2026 12:00:00 AM,8/4/2026 12:00:00 AM,11507479.86,1/1/0001 12:00:00 AM,EUR,0.85,EUR,0.87,10000000,10000000,0
23,Afghanistan,AFG23,ERF/AHF/78224/85798/2026,2026,Government of Netherlands,11,16,Netherlands,NL,7/14/2026 12:00:00 AM,12571428.57,7/10/2026 12:00:00 AM,7/16/2026 12:00:00 AM,12571428.57,1/1/0001 12:00:00 AM,EUR,0.88,EUR,0.88,11000000,11000000,0
23,Afghanistan,AFG23,ERF/AHF/78021/85397/2026,2026,Government of Germany,7,11,Germany,DE,5/13/2026 12:00:00 AM,7953216.37,3/3/2026 12:00:00 AM,5/26/2026 12:00:00 AM,7962529.27,1/1/0001 12:00:00 AM,EUR,0.85,EUR,0.85,6800000,6800000,0
501,Asia Pacific Regional Envelope (RHPF-AP),AP501,ERF/Region_RHPF_AP/78112/85604/2026,2026,UN Foundation/UN Partnership Office,131,132,Private donations (through UNF),UNF,1/20/2026 12:00:00 AM,237.35,4/24/2026 12:00:00 AM,5/28/2026 12:00:00 AM,237.35,1/1/0001 12:00:00 AM,USD,1,USD,1,237.35,237.35,0
501,Asia Pacific Regional Envelope (RHPF-AP),AP501,ERF/Region_RHPF_AP/78042/85437/2026,2026,Government of Canada,119,7,Canada,CA,3/27/2026 12:00:00 AM,367647.06,3/12/2026 12:00:00 AM,7/14/2026 12:00:00 AM,354388.48,1/1/0001 12:00:00 AM,CAD,1.37,CAD,1.41,500000,500042.14,0
501,Asia Pacific Regional Envelope (RHPF-AP),AP501,ERF/Region_RHPF_AP/78182/85724/2026,2026,Government of Australia,2,3,Australia,AU,6/18/2026 12:00:00 AM,1467677.04,6/17/2026 12:00:00 AM,6/26/2026 12:00:00 AM,1464700.86,1/1/0001 12:00:00 AM,AUD,1.43,AUD,1.44,2101713.52,2101845.73,0
99,Bangladesh (AP-RHPF),AP501,ERF/B_RHPF_AP-US/78003/85333/2026,2026,United States,102,102,United States,US,2/19/2026 12:00:00 AM,150000000,2/16/2026 12:00:00 AM,3/13/2026 12:00:00 AM,150000000,1/1/0001 12:00:00 AM,USD,1,USD,1,150000000,150000000,0
99,Bangladesh (AP-RHPF),AP501,ERF/B_RHPF_AP-US/78249/85836/2026,2026,United States,102,102,United States,US,8/7/2026 12:00:00 AM,150000000,8/7/2026 12:00:00 AM,1/1/0001 12:00:00 AM,0,1/1/0001 12:00:00 AM,USD,1,USD,0,150000000,0,0
85,Burkina Faso (RhPF-WCA),BFA85,ERF/BF_CBPF_RHPF/78008/85342/2026,2026,Government of Luxembourg,10,15,Luxembourg,LU,4/13/2026 12:00:00 AM,286368.84,2/23/2026 12:00:00 AM,4/13/2026 12:00:00 AM,286368.85,1/1/0001 12:00:00 AM,EUR,0.84,EUR,0.87,250000,250000,0
85,Burkina Faso (RhPF-WCA),BFA85,ERF/BF_CBPF_RHPF/78112/85595/2026,2026,UN Foundation/UN Partnership Office,131,132,Private donations (through UNF),UNF,1/20/2026 12:00:00 AM,821.24,4/24/2026 12:00:00 AM,5/28/2026 12:00:00 AM,821.24,1/1/0001 12:00:00 AM,USD,1,USD,1,821.24,821.24,0
85,Burkina Faso (RhPF-WCA),BFA85,ERF/BF_CBPF_RHPF/77584/84464/2025,2026,Government of Canada,119,7,Canada,CA,5/1/2025 12:00:00 AM,252525.25,3/19/2025 12:00:00 AM,7/14/2026 12:00:00 AM,248071.93,1/1/0001 12:00:00 AM,CAD,1.44,CAD,1.41,350000,350029.5,0
85,Burkina Faso (RhPF-WCA),BFA85,ERF/BF_CBPF_RHPF/77981/85331/2026,2026,Sida,20,22,Sweden,SE,3/16/2026 12:00:00 AM,2148458.48,2/2/2026 12:00:00 AM,3/30/2026 12:00:00 AM,2132616.25,1/1/0001 12:00:00 AM,SEK,8.81,SEK,9.38,20000000,19999675.21,0
85,Burkina Faso (RhPF-WCA),BFA85,ERF/BF_CBPF_RHPF/78042/85424/2026,2026,Government of Canada,119,7,Canada,CA,3/27/2026 12:00:00 AM,294117.65,3/12/2026 12:00:00 AM,7/14/2026 12:00:00 AM,283510.78,1/1/0001 12:00:00 AM,CAD,1.37,CAD,1.41,400000,400033.71,0
85,Burkina Faso (RhPF-WCA),BFA85,ERF/BF_CBPF_RHPF/78276/85870/2026,2026,Sida,20,22,Sweden,SE,9/11/2026 12:00:00 AM,2415712.64,9/11/2026 12:00:00 AM,1/1/0001 12:00:00 AM,0,1/1/0001 12:00:00 AM,SEK,9.52,SEK,0,23000000,0,0
85,Burkina Faso (RhPF-WCA),BFA85,ERF/BF_CBPF_RHPF/78082/85639/2026,2026,Government of Norway,12,17,Norway,NO,5/13/2026 12:00:00 AM,645369.47,4/15/2026 12:00:00 AM,5/22/2026 12:00:00 AM,650530.06,1/1/0001 12:00:00 AM,NOK,9.48,NOK,9.22,6000000,5999838.78,0
85,Burkina Faso (RhPF-WCA),BFA85,ERF/BF_CBPF_RHPF/78087/85687/2026,2026,Iceland,55,55,Iceland,IS,4/17/2026 12:00:00 AM,122739.55,4/16/2026 12:00:00 AM,5/11/2026 12:00:00 AM,121519.28,1/1/0001 12:00:00 AM,ISK,122.21,ISK,123.44,15000000,14999975.67,0
85,Burkina Faso (RhPF-WCA),BFA85,ERF/BF_CBPF_RHPF/75626/81922/2023,2026,Government of Germany,7,11,Germany,DE,6/27/2023 12:00:00 AM,2157497.3,5/31/2023 12:00:00 AM,2/25/2026 12:00:00 AM,2378121.28,1/1/0001 12:00:00 AM,EUR,0.92,EUR,0.84,2000000,2000000,0
85,Burkina Faso (RhPF-WCA),BFA85,ERF/BF_CBPF_RHPF/77806/84937/2025,2026,Government of Belgium,4,6,Belgium,BE,12/18/2025 12:00:00 AM,3521126.76,11/3/2025 12:00:00 AM,4/23/2026 12:00:00 AM,3512880.56,1/1/0001 12:00:00 AM,EUR,0.86,EUR,0.85,3000000,3000000,0
85,Burkina Faso (RhPF-WCA),BFA85,ERF/BF_CBPF_RHPF/78095/85632/2026,2026,Government of Denmark,5,8,Denmark,DK,3/23/2026 12:00:00 AM,1028806.64,3/19/2026 12:00:00 AM,4/16/2026 12:00:00 AM,1046838.1,1/1/0001 12:00:00 AM,DKK,6.48,DKK,6.37,6666667,6666265.01,0
85,Burkina Faso (RhPF-WCA),BFA85,ERF/BF_CBPF_RHPF/78143/85666/2026,2026,Government of Belgium,4,6,Belgium,BE,7/28/2026 12:00:00 AM,1142857.14,5/25/2026 12:00:00 AM,8/12/2026 12:00:00 AM,1150747.99,1/1/0001 12:00:00 AM,EUR,0.85,EUR,0.87,1000000,1000000,0
17,CAR,CAR17,ERF/CAR_HF/75629/81926/2023,2026,Government of Germany,7,11,Germany,DE,6/27/2023 12:00:00 AM,2157497.3,5/31/2023 12:00:00 AM,2/25/2026 12:00:00 AM,2378121.28,1/1/0001 12:00:00 AM,EUR,0.92,EUR,0.84,2000000,2000000,0
17,CAR,CAR17,ERF/CAR_HF-US/78220/85792/2026,2026,United States,102,102,United States,US,7/8/2026 12:00:00 AM,50000000,5/27/2026 12:00:00 AM,7/28/2026 12:00:00 AM,50000000,1/1/0001 12:00:00 AM,USD,1,USD,1,50000000,50000000,0
17,CAR,CAR17,ERF/CAR_HF/77650/84667/2025,2026,Government of Switzerland,16,24,Switzerland,CH,7/2/2025 12:00:00 AM,1877346.68,6/4/2025 12:00:00 AM,7/17/2026 12:00:00 AM,1851851.85,1/1/0001 12:00:00 AM,CHF,0.82,CHF,0.81,1500000,1500000,0
17,CAR,CAR17,ERF/CAR_HF/78029/85407/2026,2026,Jersey,120,120,Jersey,JE,3/24/2026 12:00:00 AM,280748.66,3/9/2026 12:00:00 AM,4/1/2026 12:00:00 AM,276679.84,1/1/0001 12:00:00 AM,GBP,0.74,GBP,0.76,210000,210000,0
17,CAR,CAR17,ERF/CAR_HF/77584/84465/2025,2026,Government of Canada,119,7,Canada,CA,5/1/2025 12:00:00 AM,108225.11,3/19/2025 12:00:00 AM,7/14/2026 12:00:00 AM,106316.54,1/1/0001 12:00:00 AM,CAD,1.44,CAD,1.41,150000,150012.64,0
17,CAR,CAR17,ERF/CAR_HF/78008/85539/2026,2026,Government of Luxembourg,10,15,Luxembourg,LU,4/13/2026 12:00:00 AM,286368.84,2/23/2026 12:00:00 AM,4/13/2026 12:00:00 AM,286368.85,1/1/0001 12:00:00 AM,EUR,0.84,EUR,0.87,250000,250000,0
17,CAR,CAR17,ERF/CAR_HF/77739/84783/2025,2026,Government of the United Kingdom (Former DFID),19,9,United Kingdom,GB,9/24/2025 12:00:00 AM,4065040.65,9/24/2025 12:00:00 AM,1/29/2026 12:00:00 AM,4032258.06,1/1/0001 12:00:00 AM,GBP,0.74,GBP,0.74,3000000,3000000,0
17,CAR,CAR17,ERF/CAR_HF/78112/85596/2026,2026,UN Foundation/UN Partnership Office,131,132,Private donations (through UNF),UNF,1/20/2026 12:00:00 AM,8357.12,4/24/2026 12:00:00 AM,5/28/2026 12:00:00 AM,8357.12,1/1/0001 12:00:00 AM,USD,1,USD,1,8357.12,8357.12,0
17,CAR,CAR17,ERF/CAR_HF/77950/85134/2025,2026,Japan,60,60,Japan,JP,2/26/2026 12:00:00 AM,40000,12/26/2025 12:00:00 AM,3/23/2026 12:00:00 AM,40000,1/1/0001 12:00:00 AM,USD,1,USD,1,40000,40000,0
17,CAR,CAR17,ERF/CAR_HF/78089/85570/2026,2026,IRISH AID,23,13,Ireland,IE,4/22/2026 12:00:00 AM,1170960.19,4/17/2026 12:00:00 AM,5/6/2026 12:00:00 AM,1169590.64,1/1/0001 12:00:00 AM,EUR,0.85,EUR,0.85,1000000,1000000,0
90,Chad (RhPF-WCA),TCD90,ERF/TD_RHPF/78276/85871/2026,2026,Sida,20,22,Sweden,SE,9/11/2026 12:00:00 AM,1470433.78,9/11/2026 12:00:00 AM,1/1/0001 12:00:00 AM,0,1/1/0001 12:00:00 AM,SEK,9.52,SEK,0,14000000,0,0
90,Chad (RhPF-WCA),TCD90,ERF/TD_RHPF/78082/85641/2026,2026,Government of Norway,12,17,Norway,NO,5/13/2026 12:00:00 AM,215123.16,4/15/2026 12:00:00 AM,5/22/2026 12:00:00 AM,216843.35,1/1/0001 12:00:00 AM,NOK,9.48,NOK,9.22,2000000,1999946.26,0
90,Chad (RhPF-WCA),TCD90,ERF/TD_RHPF/78087/85689/2026,2026,Iceland,55,55,Iceland,IS,4/17/2026 12:00:00 AM,122739.55,4/16/2026 12:00:00 AM,5/11/2026 12:00:00 AM,121519.28,1/1/0001 12:00:00 AM,ISK,122.21,ISK,123.44,15000000,14999975.67,0
90,Chad (RhPF-WCA),TCD90,ERF/TD_RHPF-US/77989/85309/2026,2026,United States,102,102,United States,US,2/25/2026 12:00:00 AM,100000000,2/16/2026 12:00:00 AM,3/13/2026 12:00:00 AM,100000000,1/1/0001 12:00:00 AM,USD,1,USD,1,100000000,100000000,0
90,Chad (RhPF-WCA),TCD90,ERF/TD_RHPF-US/78145/85703/2026,2026,United States,102,102,United States,US,9/3/2026 12:00:00 AM,50000000,9/3/2026 12:00:00 AM,1/1/0001 12:00:00 AM,0,1/1/0001 12:00:00 AM,USD,1,USD,0,50000000,0,0
90,Chad (RhPF-WCA),TCD90,ERF/TD_RHPF/78224/85799/2026,2026,Government of Netherlands,11,16,Netherlands,NL,7/14/2026 12:00:00 AM,5714285.71,7/10/2026 12:00:00 AM,7/16/2026 12:00:00 AM,5714285.71,1/1/0001 12:00:00 AM,EUR,0.88,EUR,0.88,5000000,5000000,0
87,Colombia (RhPF-LAC),COL87,ERF/C_RHPF_LAC/78110/85618/2026,2026,Government of Spain,15,21,Spain,ES,5/28/2026 12:00:00 AM,585480.09,4/23/2026 12:00:00 AM,6/16/2026 12:00:00 AM,576036.87,1/1/0001 12:00:00 AM,EUR,0.85,EUR,0.87,500000,500000,0
87,Colombia (RhPF-LAC),COL87,ERF/C_RHPF_LAC-US/78249/85837/2026,2026,United States,102,102,United States,US,8/7/2026 12:00:00 AM,100000000,8/7/2026 12:00:00 AM,1/1/0001 12:00:00 AM,0,1/1/0001 12:00:00 AM,USD,1,USD,0,100000000,0,0
87,Colombia (RhPF-LAC),COL87,ERF/C_RHPF_LAC/78020/85396/2026,2026,Government of Germany,7,11,Germany,DE,5/8/2026 12:00:00 AM,584795.32,3/3/2026 12:00:00 AM,5/26/2026 12:00:00 AM,585480.09,1/1/0001 12:00:00 AM,EUR,0.85,EUR,0.85,500000,500000,0
87,Colombia (RhPF-LAC),COL87,ERF/C_RHPF_LAC/78042/85432/2026,2026,Government of Canada,119,7,Canada,CA,3/27/2026 12:00:00 AM,367647.06,3/12/2026 12:00:00 AM,7/14/2026 12:00:00 AM,354388.48,1/1/0001 12:00:00 AM,CAD,1.37,CAD,1.41,500000,500042.14,0
87,Colombia (RhPF-LAC),COL87,ERF/C_RHPF_LAC-US/77989/85382/2026,2026,United States,102,102,United States,US,2/25/2026 12:00:00 AM,100000000,2/16/2026 12:00:00 AM,3/13/2026 12:00:00 AM,100000000,1/1/0001 12:00:00 AM,USD,1,USD,1,100000000,100000000,0
87,Colombia (RhPF-LAC),COL87,ERF/C_RHPF_LAC/78138/85656/2026,2026,EUROPEAN UNION,105,105,European Commission,EU,7/13/2026 12:00:00 AM,571428.57,5/22/2026 12:00:00 AM,8/21/2026 12:00:00 AM,576701.27,1/1/0001 12:00:00 AM,EUR,0.85,EUR,0.87,500000,500000,0
24,DRC,DRC24,ERF/DRC_HF/78212/85762/2026,2026,Government of Netherlands,11,16,Netherlands,NL,7/13/2026 12:00:00 AM,5714285.71,7/2/2026 12:00:00 AM,7/16/2026 12:00:00 AM,5714285.72,1/1/0001 12:00:00 AM,EUR,0.88,EUR,0.88,5000000,5000000,0
24,DRC,DRC24,ERF/DRC_HF-US/78217/85786/2026,2026,United States,102,102,United States,US,6/2/2026 12:00:00 AM,225000000,5/27/2026 12:00:00 AM,7/7/2026 12:00:00 AM,225000000,1/1/0001 12:00:00 AM,USD,1,USD,1,225000000,225000000,0
24,DRC,DRC24,ERF/DRC_HF/77981/85223/2026,2026,Sida,20,22,Sweden,SE,3/16/2026 12:00:00 AM,3222687.72,2/2/2026 12:00:00 AM,3/30/2026 12:00:00 AM,3198924.38,1/1/0001 12:00:00 AM,SEK,8.81,SEK,9.38,30000000,29999512.82,0
24,DRC,DRC24,ERF/DRC_HF/78082/85552/2026,2026,Government of Norway,12,17,Norway,NO,5/13/2026 12:00:00 AM,1613423.69,4/15/2026 12:00:00 AM,5/22/2026 12:00:00 AM,1626325.16,1/1/0001 12:00:00 AM,NOK,9.48,NOK,9.22,15000000,14999596.96,0
24,DRC,DRC24,ERF/DRC_HF/78121/85635/2026,2026,IRISH AID,23,13,Ireland,IE,5/20/2026 12:00:00 AM,4683840.75,5/1/2026 12:00:00 AM,6/2/2026 12:00:00 AM,4651162.79,1/1/0001 12:00:00 AM,EUR,0.86,EUR,0.86,4000000,4000000,0
24,DRC,DRC24,ERF/DRC_HF/77584/84466/2025,2026,Government of Canada,119,7,Canada,CA,5/1/2025 12:00:00 AM,1190476.19,3/19/2025 12:00:00 AM,7/14/2026 12:00:00 AM,1169481.97,1/1/0001 12:00:00 AM,CAD,1.44,CAD,1.41,1650000,1650139.06,0
24,DRC,DRC24,ERF/DRC_HF/77806/84939/2025,2026,Government of Belgium,4,6,Belgium,BE,12/18/2025 12:00:00 AM,9976525.82,11/3/2025 12:00:00 AM,4/23/2026 12:00:00 AM,9953161.59,1/1/0001 12:00:00 AM,EUR,0.86,EUR,0.85,8500000,8500000,0
24,DRC,DRC24,ERF/DRC_HF/78042/85425/2026,2026,Government of Canada,119,7,Canada,CA,3/27/2026 12:00:00 AM,625000,3/12/2026 12:00:00 AM,7/14/2026 12:00:00 AM,602460.41,1/1/0001 12:00:00 AM,CAD,1.37,CAD,1.41,850000,850071.64,0
24,DRC,DRC24,ERF/DRC_HF/78112/85597/2026,2026,UN Foundation/UN Partnership Office,131,132,Private donations (through UNF),UNF,1/20/2026 12:00:00 AM,20745.99,4/24/2026 12:00:00 AM,5/28/2026 12:00:00 AM,20745.99,1/1/0001 12:00:00 AM,USD,1,USD,1,20745.99,20745.99,0
24,DRC,DRC24,ERF/DRC_HF-US/77991/85311/2026,2026,United States,102,102,United States,US,2/20/2026 12:00:00 AM,150000000,2/16/2026 12:00:00 AM,3/10/2026 12:00:00 AM,150000000,1/1/0001 12:00:00 AM,USD,1,USD,1,150000000,150000000,0
24,DRC,DRC24,ERF/DRC_HF/78224/85800/2026,2026,Government of Netherlands,11,16,Netherlands,NL,7/14/2026 12:00:00 AM,3428571.43,7/10/2026 12:00:00 AM,7/16/2026 12:00:00 AM,3428571.43,1/1/0001 12:00:00 AM,EUR,0.88,EUR,0.88,3000000,3000000,0
24,DRC,DRC24,ERF/DRC_HF/75630/81927/2023,2026,Government of Germany,7,11,Germany,DE,6/27/2023 12:00:00 AM,2157497.3,5/31/2023 12:00:00 AM,2/25/2026 12:00:00 AM,2378121.28,1/1/0001 12:00:00 AM,EUR,0.92,EUR,0.84,2000000,2000000,0
24,DRC,DRC24,ERF/DRC_HF/77800/85540/2025,2026,Government of Luxembourg,10,15,Luxembourg,LU,12/11/2025 12:00:00 AM,347624.57,11/3/2025 12:00:00 AM,4/13/2026 12:00:00 AM,343642.61,1/1/0001 12:00:00 AM,EUR,0.86,EUR,0.87,300000,300000,0
509,El Salvador (RhPF-LAC),SV509,ERF/EL_RHPF_LAC-US/77989/85384/2026,2026,United States,102,102,United States,US,2/25/2026 12:00:00 AM,25000000,2/16/2026 12:00:00 AM,3/13/2026 12:00:00 AM,25000000,1/1/0001 12:00:00 AM,USD,1,USD,1,25000000,25000000,0
509,El Salvador (RhPF-LAC),SV509,ERF/EL_RHPF_LAC-US/78145/85712/2026,2026,United States,102,102,United States,US,9/3/2026 12:00:00 AM,30000000,9/3/2026 12:00:00 AM,1/1/0001 12:00:00 AM,0,1/1/0001 12:00:00 AM,USD,1,USD,0,30000000,0,0
53,Ethiopia,ETH53,ERF/3379-US/77991/85337/2026,2026,United States,102,102,United States,US,2/20/2026 12:00:00 AM,100000000,2/16/2026 12:00:00 AM,3/10/2026 12:00:00 AM,100000000,1/1/0001 12:00:00 AM,USD,1,USD,1,100000000,100000000,0
53,Ethiopia,ETH53,ERF/3379/78094/85575/2026,2026,Government of Denmark,5,8,Denmark,DK,3/23/2026 12:00:00 AM,3086419.75,3/19/2026 12:00:00 AM,4/16/2026 12:00:00 AM,3143022.29,1/1/0001 12:00:00 AM,DKK,6.48,DKK,6.36,20000000,19999050.83,0
53,Ethiopia,ETH53,ERF/3379/78224/85801/2026,2026,Government of Netherlands,11,16,Netherlands,NL,7/14/2026 12:00:00 AM,9142857.14,7/10/2026 12:00:00 AM,7/16/2026 12:00:00 AM,9142857.14,1/1/0001 12:00:00 AM,EUR,0.88,EUR,0.88,8000000,8000000,0
53,Ethiopia,ETH53,ERF/3379/77777/84892/2025,2026,Government of Germany,7,11,Germany,DE,12/8/2025 12:00:00 AM,2317497.1,10/17/2025 12:00:00 AM,2/19/2026 12:00:00 AM,2378121.28,1/1/0001 12:00:00 AM,EUR,0.87,EUR,0.84,2000000,2000000,0
53,Ethiopia,ETH53,ERF/3379/77981/85224/2026,2026,Sida,20,22,Sweden,SE,3/16/2026 12:00:00 AM,2578150.18,2/2/2026 12:00:00 AM,3/30/2026 12:00:00 AM,2559139.5,1/1/0001 12:00:00 AM,SEK,8.81,SEK,9.38,24000000,23999610.26,0
53,Ethiopia,ETH53,ERF/3379/78082/85554/2026,2026,Government of Norway,12,17,Norway,NO,5/13/2026 12:00:00 AM,1613423.69,4/15/2026 12:00:00 AM,5/22/2026 12:00:00 AM,1626325.16,1/1/0001 12:00:00 AM,NOK,9.48,NOK,9.22,15000000,14999596.96,0
53,Ethiopia,ETH53,ERF/3379/78099/85580/2026,2026,IRISH AID,23,13,Ireland,IE,4/30/2026 12:00:00 AM,1170960.19,4/20/2026 12:00:00 AM,5/15/2026 12:00:00 AM,1170960.19,1/1/0001 12:00:00 AM,EUR,0.85,EUR,0.85,1000000,1000000,0
53,Ethiopia,ETH53,ERF/3379/77584/84467/2025,2026,Government of Canada,119,7,Canada,CA,5/1/2025 12:00:00 AM,1190476.19,3/19/2025 12:00:00 AM,7/14/2026 12:00:00 AM,1169481.97,1/1/0001 12:00:00 AM,CAD,1.44,CAD,1.41,1650000,1650139.06,0
53,Ethiopia,ETH53,ERF/3379/77800/85541/2025,2026,Government of Luxembourg,10,15,Luxembourg,LU,12/11/2025 12:00:00 AM,289687.14,11/3/2025 12:00:00 AM,4/13/2026 12:00:00 AM,286368.84,1/1/0001 12:00:00 AM,EUR,0.86,EUR,0.87,250000,250000,0
53,Ethiopia,ETH53,ERF/3379/78042/85426/2026,2026,Government of Canada,119,7,Canada,CA,3/27/2026 12:00:00 AM,992647.06,3/12/2026 12:00:00 AM,7/14/2026 12:00:00 AM,956848.89,1/1/0001 12:00:00 AM,CAD,1.37,CAD,1.41,1350000,1350113.78,0
53,Ethiopia,ETH53,ERF/3379/75500/81745/2023,2026,Government of Switzerland,16,24,Switzerland,CH,4/21/2023 12:00:00 AM,557413.6,4/18/2023 12:00:00 AM,4/1/2026 12:00:00 AM,624219.73,1/1/0001 12:00:00 AM,CHF,0.9,CHF,0.8,500000,500000,0
53,Ethiopia,ETH53,ERF/3379/77950/85133/2025,2026,Japan,60,60,Japan,JP,2/26/2026 12:00:00 AM,333333,12/26/2025 12:00:00 AM,3/23/2026 12:00:00 AM,333333,1/1/0001 12:00:00 AM,USD,1,USD,1,333333,333333,0
53,Ethiopia,ETH53,ERF/3379/78012/85379/2026,2026,Government of Finland,6,10,Finland,FI,3/24/2026 12:00:00 AM,5767012.69,2/25/2026 12:00:00 AM,3/31/2026 12:00:00 AM,5767012.69,1/1/0001 12:00:00 AM,EUR,0.84,EUR,0.87,5000000,5000000,0
53,Ethiopia,ETH53,ERF/3379/78112/85598/2026,2026,UN Foundation/UN Partnership Office,131,132,Private donations (through UNF),UNF,1/20/2026 12:00:00 AM,2125.07,4/24/2026 12:00:00 AM,5/28/2026 12:00:00 AM,2125.07,1/1/0001 12:00:00 AM,USD,1,USD,1,2125.07,2125.07,0
53,Ethiopia,ETH53,ERF/3379/78170/85698/2026,2026,New Zealand,80,80,New Zealand,NZ,6/17/2026 12:00:00 AM,866050.81,6/9/2026 12:00:00 AM,7/1/2026 12:00:00 AM,849076.21,1/1/0001 12:00:00 AM,NZD,1.69,NZD,1.77,1500000,1500317.66,0
508,Guatemala (RhPF-LAC),GT508,ERF/GU_RHPF_LAC-US/78145/85713/2026,2026,United States,102,102,United States,US,9/3/2026 12:00:00 AM,35000000,9/3/2026 12:00:00 AM,1/1/0001 12:00:00 AM,0,1/1/0001 12:00:00 AM,USD,1,USD,0,35000000,0,0
508,Guatemala (RhPF-LAC),GT508,ERF/GU_RHPF_LAC-US/77989/85385/2026,2026,United States,102,102,United States,US,2/25/2026 12:00:00 AM,60000000,2/16/2026 12:00:00 AM,3/13/2026 12:00:00 AM,60000000,1/1/0001 12:00:00 AM,USD,1,USD,1,60000000,60000000,0
88,Haiti (RhPF-LAC),HTI88,ERF/H_RHPF_LAC/77800/85542/2025,2026,Government of Luxembourg,10,15,Luxembourg,LU,12/11/2025 12:00:00 AM,347624.57,11/3/2025 12:00:00 AM,4/13/2026 12:00:00 AM,343642.61,1/1/0001 12:00:00 AM,EUR,0.86,EUR,0.87,300000,300000,0
88,Haiti (RhPF-LAC),HTI88,ERF/H_RHPF_LAC/77584/84474/2025,2026,Government of Canada,119,7,Canada,CA,5/1/2025 12:00:00 AM,108225.11,3/19/2025 12:00:00 AM,7/14/2026 12:00:00 AM,106316.54,1/1/0001 12:00:00 AM,CAD,1.44,CAD,1.41,150000,150012.64,0
88,Haiti (RhPF-LAC),HTI88,ERF/H_RHPF_LAC/78042/85433/2026,2026,Government of Canada,119,7,Canada,CA,3/27/2026 12:00:00 AM,625000,3/12/2026 12:00:00 AM,7/14/2026 12:00:00 AM,602460.41,1/1/0001 12:00:00 AM,CAD,1.37,CAD,1.41,850000,850071.64,0
88,Haiti (RhPF-LAC),HTI88,ERF/H_RHPF_LAC/78110/85622/2026,2026,Government of Spain,15,21,Spain,ES,5/28/2026 12:00:00 AM,1053864.17,4/23/2026 12:00:00 AM,6/16/2026 12:00:00 AM,1036866.36,1/1/0001 12:00:00 AM,EUR,0.85,EUR,0.87,900000,900000,0
88,Haiti (RhPF-LAC),HTI88,ERF/H_RHPF_LAC/78112/85599/2026,2026,UN Foundation/UN Partnership Office,131,132,Private donations (through UNF),UNF,1/20/2026 12:00:00 AM,1363.61,4/24/2026 12:00:00 AM,5/28/2026 12:00:00 AM,1363.61,1/1/0001 12:00:00 AM,USD,1,USD,1,1363.61,1363.61,0
88,Haiti (RhPF-LAC),HTI88,ERF/H_RHPF_LAC-US/78249/85838/2026,2026,United States,102,102,United States,US,8/7/2026 12:00:00 AM,75000000,8/7/2026 12:00:00 AM,1/1/0001 12:00:00 AM,0,1/1/0001 12:00:00 AM,USD,1,USD,0,75000000,0,0
88,Haiti (RhPF-LAC),HTI88,ERF/H_RHPF_LAC-US/77991/85341/2026,2026,United States,102,102,United States,US,2/20/2026 12:00:00 AM,125000000,2/16/2026 12:00:00 AM,3/10/2026 12:00:00 AM,125000000,1/1/0001 12:00:00 AM,USD,1,USD,1,125000000,125000000,0
88,Haiti (RhPF-LAC),HTI88,ERF/H_RHPF_LAC/78018/85394/2026,2026,Government of Germany,7,11,Germany,DE,5/8/2026 12:00:00 AM,584795.32,3/3/2026 12:00:00 AM,5/26/2026 12:00:00 AM,585480.09,1/1/0001 12:00:00 AM,EUR,0.85,EUR,0.85,500000,500000,0
510,Honduras (RhPF-LAC),HN510,ERF/HO_RHPF_LAC-US/77989/85386/2026,2026,United States,102,102,United States,US,2/25/2026 12:00:00 AM,65000000,2/16/2026 12:00:00 AM,3/13/2026 12:00:00 AM,65000000,1/1/0001 12:00:00 AM,USD,1,USD,1,65000000,65000000,0
510,Honduras (RhPF-LAC),HN510,ERF/HO_RHPF_LAC-US/78145/85715/2026,2026,United States,102,102,United States,US,9/3/2026 12:00:00 AM,30000000,9/3/2026 12:00:00 AM,1/1/0001 12:00:00 AM,0,1/1/0001 12:00:00 AM,USD,1,USD,0,30000000,0,0
511,Kenya (ESAHF),KE511,ERF/K_RHPF_SEA-US/78220/85789/2026,2026,United States,102,102,United States,US,7/8/2026 12:00:00 AM,100000000,5/27/2026 12:00:00 AM,7/28/2026 12:00:00 AM,100000000,1/1/0001 12:00:00 AM,USD,1,USD,1,100000000,100000000,0
511,Kenya (ESAHF),KE511,ERF/K_RHPF_SEA-US/78003/85334/2026,2026,United States,102,102,United States,US,2/19/2026 12:00:00 AM,50000000,2/16/2026 12:00:00 AM,3/13/2026 12:00:00 AM,50000000,1/1/0001 12:00:00 AM,USD,1,USD,1,50000000,50000000,0
71,Lebanon,LBN71,ERF/3604-US/78277/85877/2026,2026,United States,102,102,United States,US,9/3/2026 12:00:00 AM,100000000,9/3/2026 12:00:00 AM,1/1/0001 12:00:00 AM,0,1/1/0001 12:00:00 AM,USD,1,USD,0,100000000,0,0
71,Lebanon,LBN71,ERF/3604/77584/84479/2025,2026,Government of Canada,119,7,Canada,CA,5/1/2025 12:00:00 AM,721500.72,3/19/2025 12:00:00 AM,7/14/2026 12:00:00 AM,708776.95,1/1/0001 12:00:00 AM,CAD,1.44,CAD,1.41,1000000,1000084.28,0
71,Lebanon,LBN71,ERF/3604/78054/85506/2026,2026,Greece,53,53,Greece,GR,3/24/2026 12:00:00 AM,346020.76,3/24/2026 12:00:00 AM,5/25/2026 12:00:00 AM,351288.06,1/1/0001 12:00:00 AM,EUR,0.87,EUR,0.85,300000,300000,0
71,Lebanon,LBN71,ERF/3604/78110/85619/2026,2026,Government of Spain,15,21,Spain,ES,5/28/2026 12:00:00 AM,1170960.19,4/23/2026 12:00:00 AM,6/16/2026 12:00:00 AM,1152073.73,1/1/0001 12:00:00 AM,EUR,0.85,EUR,0.87,1000000,1000000,0
71,Lebanon,LBN71,ERF/3604/78139/85657/2026,2026,EUROPEAN UNION,105,105,European Commission,EU,8/4/2026 12:00:00 AM,11162255.47,5/22/2026 12:00:00 AM,8/14/2026 12:00:00 AM,11162255.47,1/1/0001 12:00:00 AM,EUR,0.85,EUR,0.87,9700000,9700000,0
71,Lebanon,LBN71,ERF/3604/77981/85225/2026,2026,Sida,20,22,Sweden,SE,3/16/2026 12:00:00 AM,2148458.48,2/2/2026 12:00:00 AM,3/30/2026 12:00:00 AM,2132616.25,1/1/0001 12:00:00 AM,SEK,8.81,SEK,9.38,20000000,19999675.21,0
71,Lebanon,LBN71,ERF/3604/78046/85467/2026,2026,Government of Italy,9,14,Italy,IT,3/18/2026 12:00:00 AM,2306805.07,3/18/2026 12:00:00 AM,4/13/2026 12:00:00 AM,2290950.74,1/1/0001 12:00:00 AM,EUR,0.87,EUR,0.87,2000000,2000000,0
71,Lebanon,LBN71,ERF/3604/78037/85466/2026,2026,Government of Switzerland,16,24,Switzerland,CH,3/18/2026 12:00:00 AM,1915708.81,3/10/2026 12:00:00 AM,3/30/2026 12:00:00 AM,1915708.81,1/1/0001 12:00:00 AM,CHF,0.77,CHF,0.78,1500000,1500000,0
71,Lebanon,LBN71,ERF/3604/78042/85438/2026,2026,Government of Canada,119,7,Canada,CA,3/27/2026 12:00:00 AM,1102941.18,3/12/2026 12:00:00 AM,7/14/2026 12:00:00 AM,1063165.43,1/1/0001 12:00:00 AM,CAD,1.37,CAD,1.41,1500000,1500126.42,0
71,Lebanon,LBN71,ERF/3604/78112/85600/2026,2026,UN Foundation/UN Partnership Office,131,132,Private donations (through UNF),UNF,1/20/2026 12:00:00 AM,7610.16,4/24/2026 12:00:00 AM,5/28/2026 12:00:00 AM,7610.16,1/1/0001 12:00:00 AM,USD,1,USD,1,7610.16,7610.16,0
71,Lebanon,LBN71,ERF/3604/78164/85691/2026,2026,Government of Luxembourg,10,15,Luxembourg,LU,6/25/2026 12:00:00 AM,345622.12,6/8/2026 12:00:00 AM,6/17/2026 12:00:00 AM,345622.12,1/1/0001 12:00:00 AM,EUR,0.86,EUR,0.87,300000,300000,0
71,Lebanon,LBN71,ERF/3604/77838/84978/2025,2026,Government of Switzerland,16,24,Switzerland,CH,11/27/2025 12:00:00 AM,1106382.98,11/25/2025 12:00:00 AM,12/4/2025 12:00:00 AM,1096774.19,1/1/0001 12:00:00 AM,CHF,0.8,CHF,0.81,884000,884000,0
71,Lebanon,LBN71,ERF/3604/78080/85536/2026,2026,Monaco,76,76,Monaco,MC,4/13/2026 12:00:00 AM,114547.54,4/14/2026 12:00:00 AM,5/5/2026 12:00:00 AM,116959.06,1/1/0001 12:00:00 AM,EUR,0.87,EUR,0.85,100000,100000,0
71,Lebanon,LBN71,ERF/3604/78081/85537/2026,2026,Croatia,1038,156,Croatia,HR,4/15/2026 12:00:00 AM,117096.02,4/15/2026 12:00:00 AM,6/3/2026 12:00:00 AM,116279.07,1/1/0001 12:00:00 AM,USD,1,USD,1.01,117096.02,117093.02,0
71,Lebanon,LBN71,ERF/3604/78126/85643/2026,2026,Government of Canada,119,7,Canada,CA,6/8/2026 12:00:00 AM,722021.66,5/8/2026 12:00:00 AM,7/14/2026 12:00:00 AM,710211.9,1/1/0001 12:00:00 AM,CAD,1.37,CAD,1.41,1000000,999978.36,0
71,Lebanon,LBN71,ERF/3604/78048/85469/2026,2026,IRISH AID,23,13,Ireland,IE,3/24/2026 12:00:00 AM,2306805.07,3/23/2026 12:00:00 AM,4/8/2026 12:00:00 AM,2290950.74,1/1/0001 12:00:00 AM,EUR,0.87,EUR,0.87,2000000,2000000,0
71,Lebanon,LBN71,ERF/3604/78050/85477/2026,2026,Government of Norway,12,17,Norway,NO,4/7/2026 12:00:00 AM,1534212.95,3/23/2026 12:00:00 AM,4/16/2026 12:00:00 AM,1591182.22,1/1/0001 12:00:00 AM,NOK,9.67,NOK,9.43,15000000,15000074.79,0
71,Lebanon,LBN71,ERF/3604/78057/85509/2026,2026,Jersey,120,120,Jersey,JE,3/26/2026 12:00:00 AM,140374.33,3/25/2026 12:00:00 AM,4/1/2026 12:00:00 AM,138339.92,1/1/0001 12:00:00 AM,GBP,0.75,GBP,0.76,105000,105000,0
71,Lebanon,LBN71,ERF/3604/78076/85532/2026,2026,Government of Cyprus,45,45,Cyprus,CY,4/9/2026 12:00:00 AM,113608,4/9/2026 12:00:00 AM,4/16/2026 12:00:00 AM,115482.23,1/1/0001 12:00:00 AM,EUR,0.87,EUR,0.86,99179.78,99199.24,0
71,Lebanon,LBN71,ERF/3604/78101/85582/2026,2026,Lithuania,67,67,Lithuania,LT,4/22/2026 12:00:00 AM,58548.01,4/22/2026 12:00:00 AM,5/6/2026 12:00:00 AM,58479.53,1/1/0001 12:00:00 AM,EUR,0.85,EUR,0.85,50000,50000,0
71,Lebanon,LBN71,ERF/3604/78127/85644/2026,2026,Government of Australia,2,3,Australia,AU,5/29/2026 12:00:00 AM,1449275.36,5/8/2026 12:00:00 AM,6/9/2026 12:00:00 AM,1422619.57,1/1/0001 12:00:00 AM,AUD,1.4,AUD,1.41,2000000,2000203.12,0
71,Lebanon,LBN71,ERF/3604/78245/85828/2026,2026,Bulgaria,581,145,Bulgaria,BG,7/30/2026 12:00:00 AM,57142.86,7/30/2026 12:00:00 AM,8/7/2026 12:00:00 AM,57537.4,1/1/0001 12:00:00 AM,EUR,0.88,EUR,0.87,50000,50000,0
71,Lebanon,LBN71,ERF/3604/77407/84178/2024,2026,Government of Australia,2,3,Australia,AU,1/7/2025 12:00:00 AM,2481389.58,12/4/2024 12:00:00 AM,1/20/2026 12:00:00 AM,2683873.13,1/1/0001 12:00:00 AM,AUD,1.54,AUD,1.49,4000000,3998970.96,0
71,Lebanon,LBN71,ERF/3604/77806/84933/2025,2026,Government of Belgium,4,6,Belgium,BE,12/18/2025 12:00:00 AM,2347417.84,11/3/2025 12:00:00 AM,4/23/2026 12:00:00 AM,2341920.37,1/1/0001 12:00:00 AM,EUR,0.86,EUR,0.85,2000000,2000000,0
71,Lebanon,LBN71,ERF/3604/78034/85416/2026,2026,Government of the United Kingdom (Former DFID),19,9,United Kingdom,GB,3/16/2026 12:00:00 AM,2673796.79,3/9/2026 12:00:00 AM,3/19/2026 12:00:00 AM,2673796.79,1/1/0001 12:00:00 AM,GBP,0.74,GBP,0.75,2000000,2000000,0
71,Lebanon,LBN71,ERF/3604/78053/85505/2026,2026,Government of the United Kingdom (Former DFID),19,9,United Kingdom,GB,3/24/2026 12:00:00 AM,2673796.79,3/24/2026 12:00:00 AM,3/26/2026 12:00:00 AM,2673796.79,1/1/0001 12:00:00 AM,GBP,0.75,GBP,0.75,2000000,2000000,0
71,Lebanon,LBN71,ERF/3604/78082/85555/2026,2026,Government of Norway,12,17,Norway,NO,5/13/2026 12:00:00 AM,1075615.79,4/15/2026 12:00:00 AM,5/22/2026 12:00:00 AM,1084216.77,1/1/0001 12:00:00 AM,NOK,9.48,NOK,9.22,10000000,9999731.31,0
71,Lebanon,LBN71,ERF/3604/78143/85668/2026,2026,Government of Belgium,4,6,Belgium,BE,7/28/2026 12:00:00 AM,2285714.29,5/25/2026 12:00:00 AM,8/12/2026 12:00:00 AM,2301495.97,1/1/0001 12:00:00 AM,EUR,0.85,EUR,0.87,2000000,2000000,0
71,Lebanon,LBN71,ERF/3604/78244/85827/2026,2026,Greece,53,53,Greece,GR,7/29/2026 12:00:00 AM,68571.43,7/29/2026 12:00:00 AM,9/8/2026 12:00:00 AM,68363.99,1/1/0001 12:00:00 AM,EUR,0.88,EUR,0.88,60000,60023.58,0
71,Lebanon,LBN71,ERF/3604/75661/81964/2023,2026,Iceland,55,55,Iceland,IS,4/17/2026 12:00:00 AM,490958.19,6/13/2023 12:00:00 AM,5/8/2026 12:00:00 AM,487173.53,1/1/0001 12:00:00 AM,ISK,139.09,ISK,123.16,60000000,59999804.78,0
71,Lebanon,LBN71,ERF/3604/78260/85852/2026,2026,Government of France,50,50,France,FR,8/20/2026 12:00:00 AM,1153402.54,8/20/2026 12:00:00 AM,1/1/0001 12:00:00 AM,0,1/1/0001 12:00:00 AM,EUR,0.87,EUR,0,1000000,0,0
86,Mali (RhPF-WCA),MLI86,ERF/M_ERF/75626/81921/2023,2026,Government of Germany,7,11,Germany,DE,6/27/2023 12:00:00 AM,3236245.95,5/31/2023 12:00:00 AM,2/25/2026 12:00:00 AM,3567181.92,1/1/0001 12:00:00 AM,EUR,0.92,EUR,0.84,3000000,3000000,0
86,Mali (RhPF-WCA),MLI86,ERF/M_ERF/77800/85543/2025,2026,Government of Luxembourg,10,15,Luxembourg,LU,12/11/2025 12:00:00 AM,347624.57,11/3/2025 12:00:00 AM,4/13/2026 12:00:00 AM,343642.61,1/1/0001 12:00:00 AM,EUR,0.86,EUR,0.87,300000,300000,0
86,Mali (RhPF-WCA),MLI86,ERF/M_ERF/77806/84935/2025,2026,Government of Belgium,4,6,Belgium,BE,12/18/2025 12:00:00 AM,3521126.76,11/3/2025 12:00:00 AM,4/23/2026 12:00:00 AM,3512880.56,1/1/0001 12:00:00 AM,EUR,0.86,EUR,0.85,3000000,3000000,0
86,Mali (RhPF-WCA),MLI86,ERF/M_ERF/78095/85576/2026,2026,Government of Denmark,5,8,Denmark,DK,3/23/2026 12:00:00 AM,1028806.64,3/19/2026 12:00:00 AM,4/16/2026 12:00:00 AM,1046838.1,1/1/0001 12:00:00 AM,DKK,6.48,DKK,6.37,6666667,6666265.01,0
86,Mali (RhPF-WCA),MLI86,ERF/M_ERF/78143/85661/2026,2026,Government of Belgium,4,6,Belgium,BE,7/28/2026 12:00:00 AM,1142857.14,5/25/2026 12:00:00 AM,8/12/2026 12:00:00 AM,1150747.99,1/1/0001 12:00:00 AM,EUR,0.85,EUR,0.87,1000000,1000000,0
86,Mali (RhPF-WCA),MLI86,ERF/M_ERF/78082/85558/2026,2026,Government of Norway,12,17,Norway,NO,5/13/2026 12:00:00 AM,645369.47,4/15/2026 12:00:00 AM,5/22/2026 12:00:00 AM,650530.06,1/1/0001 12:00:00 AM,NOK,9.48,NOK,9.22,6000000,5999838.78,0
86,Mali (RhPF-WCA),MLI86,ERF/M_ERF/78087/85568/2026,2026,Iceland,55,55,Iceland,IS,4/17/2026 12:00:00 AM,122739.55,4/16/2026 12:00:00 AM,5/11/2026 12:00:00 AM,121519.28,1/1/0001 12:00:00 AM,ISK,122.21,ISK,123.44,15000000,14999975.67,0
86,Mali (RhPF-WCA),MLI86,ERF/M_ERF/77584/84468/2025,2026,Government of Canada,119,7,Canada,CA,5/1/2025 12:00:00 AM,108225.11,3/19/2025 12:00:00 AM,7/14/2026 12:00:00 AM,106316.54,1/1/0001 12:00:00 AM,CAD,1.44,CAD,1.41,150000,150012.64,0
86,Mali (RhPF-WCA),MLI86,ERF/M_ERF/78042/85427/2026,2026,Government of Canada,119,7,Canada,CA,3/27/2026 12:00:00 AM,257352.94,3/12/2026 12:00:00 AM,7/14/2026 12:00:00 AM,248071.93,1/1/0001 12:00:00 AM,CAD,1.37,CAD,1.41,350000,350029.5,0
89,Mozambique (RhPF),MOZ89,ERF/M_RHPF_SEA/77980/85221/2026,2026,IRISH AID,23,13,Ireland,IE,2/3/2026 12:00:00 AM,598802.4,1/30/2026 12:00:00 AM,3/5/2026 12:00:00 AM,590318.77,1/1/0001 12:00:00 AM,EUR,0.86,EUR,0.85,500000,500000,0
89,Mozambique (RhPF),MOZ89,ERF/M_RHPF_SEA/77983/85239/2026,2026,Portugal,86,86,Portugal,PT,2/5/2026 12:00:00 AM,359281.44,2/5/2026 12:00:00 AM,2/13/2026 12:00:00 AM,359281.44,1/1/0001 12:00:00 AM,EUR,0.84,EUR,0.83,300000,300000,0
89,Mozambique (RhPF),MOZ89,ERF/M_RHPF_SEA/77124/83795/2024,2026,Government of the United Kingdom (Former DFID),19,9,United Kingdom,GB,11/1/2024 12:00:00 AM,1560468.14,6/5/2024 12:00:00 AM,1/19/2026 12:00:00 AM,1612903.23,1/1/0001 12:00:00 AM,GBP,0.79,GBP,0.74,1200000,1200000,0
89,Mozambique (RhPF),MOZ89,ERF/M_RHPF_SEA/78165/85693/2026,2026,Government of the United Kingdom (Former DFID),19,9,United Kingdom,GB,7/29/2026 12:00:00 AM,1673360.11,6/9/2026 12:00:00 AM,8/17/2026 12:00:00 AM,1686909.58,1/1/0001 12:00:00 AM,GBP,0.75,GBP,0.74,1250000,1250000,0
89,Mozambique (RhPF),MOZ89,ERF/M_RHPF_SEA/78129/85647/2026,2026,Kyrgyzstan,1039,208,Kyrgyzstan,KG,5/15/2026 12:00:00 AM,50000,5/15/2026 12:00:00 AM,5/19/2026 12:00:00 AM,50000,1/1/0001 12:00:00 AM,USD,1,USD,1,50000,50000,0
89,Mozambique (RhPF),MOZ89,ERF/M_RHPF_SEA/78075/85531/2026,2026,Government of Cyprus,45,45,Cyprus,CY,4/9/2026 12:00:00 AM,114547.54,4/9/2026 12:00:00 AM,4/10/2026 12:00:00 AM,115000,1/1/0001 12:00:00 AM,EUR,0.87,EUR,0.87,100000,100050,0
89,Mozambique (RhPF),MOZ89,ERF/M_RHPF_SEA-US/78249/85839/2026,2026,United States,102,102,United States,US,8/7/2026 12:00:00 AM,65000000,8/7/2026 12:00:00 AM,1/1/0001 12:00:00 AM,0,1/1/0001 12:00:00 AM,USD,1,USD,0,65000000,0,0
89,Mozambique (RhPF),MOZ89,ERF/M_RHPF_SEA-US/77989/85383/2026,2026,United States,102,102,United States,US,2/25/2026 12:00:00 AM,80000000,2/16/2026 12:00:00 AM,3/13/2026 12:00:00 AM,80000000,1/1/0001 12:00:00 AM,USD,1,USD,1,80000000,80000000,0
89,Mozambique (RhPF),MOZ89,ERF/M_RHPF_SEA/78082/85553/2026,2026,Government of Norway,12,17,Norway,NO,5/13/2026 12:00:00 AM,537807.9,4/15/2026 12:00:00 AM,5/22/2026 12:00:00 AM,542108.39,1/1/0001 12:00:00 AM,NOK,9.48,NOK,9.22,5000000,4999865.65,0
59,Myanmar,MMR59,ERF/3415/78047/85468/2026,2026,IRISH AID,23,13,Ireland,IE,3/24/2026 12:00:00 AM,1730103.81,3/23/2026 12:00:00 AM,4/21/2026 12:00:00 AM,1756440.28,1/1/0001 12:00:00 AM,EUR,0.87,EUR,0.85,1500000,1500000,0
59,Myanmar,MMR59,ERF/3415/78168/85696/2026,2026,New Zealand,80,80,New Zealand,NZ,6/22/2026 12:00:00 AM,3464203.23,6/9/2026 12:00:00 AM,6/26/2026 12:00:00 AM,3419017.5,1/1/0001 12:00:00 AM,NZD,1.69,NZD,1.75,6000000,6000375.71,0
59,Myanmar,MMR59,ERF/3415/77584/84477/2025,2026,Government of Canada,119,7,Canada,CA,5/1/2025 12:00:00 AM,613275.61,3/19/2025 12:00:00 AM,7/14/2026 12:00:00 AM,602460.41,1/1/0001 12:00:00 AM,CAD,1.44,CAD,1.41,850000,850071.64,0
59,Myanmar,MMR59,ERF/3415/77981/85226/2026,2026,Sida,20,22,Sweden,SE,3/16/2026 12:00:00 AM,2255881.41,2/2/2026 12:00:00 AM,3/30/2026 12:00:00 AM,2239247.06,1/1/0001 12:00:00 AM,SEK,8.81,SEK,9.38,21000000,20999658.97,0
59,Myanmar,MMR59,ERF/3415/78112/85601/2026,2026,UN Foundation/UN Partnership Office,131,132,Private donations (through UNF),UNF,1/20/2026 12:00:00 AM,21693.43,4/24/2026 12:00:00 AM,5/28/2026 12:00:00 AM,21693.43,1/1/0001 12:00:00 AM,USD,1,USD,1,21693.43,21693.43,0
59,Myanmar,MMR59,ERF/3415-US/77989/85387/2026,2026,United States,102,102,United States,US,2/25/2026 12:00:00 AM,140000000,2/16/2026 12:00:00 AM,3/13/2026 12:00:00 AM,140000000,1/1/0001 12:00:00 AM,USD,1,USD,1,140000000,140000000,0
59,Myanmar,MMR59,ERF/3415/78012/85381/2026,2026,Government of Finland,6,10,Finland,FI,3/24/2026 12:00:00 AM,3460207.61,2/25/2026 12:00:00 AM,3/31/2026 12:00:00 AM,3460207.61,1/1/0001 12:00:00 AM,EUR,0.84,EUR,0.87,3000000,3000000,0
59,Myanmar,MMR59,ERF/3415/78022/85398/2026,2026,Government of Germany,7,11,Germany,DE,5/13/2026 12:00:00 AM,7602339.18,3/3/2026 12:00:00 AM,5/26/2026 12:00:00 AM,7611241.22,1/1/0001 12:00:00 AM,EUR,0.85,EUR,0.85,6500000,6500000,0
59,Myanmar,MMR59,ERF/3415/78039/85421/2026,2026,Government of Australia,2,3,Australia,AU,4/22/2026 12:00:00 AM,6636042.4,3/12/2026 12:00:00 AM,5/5/2026 12:00:00 AM,6686598.93,1/1/0001 12:00:00 AM,AUD,1.41,AUD,1.4,9390000,9387984.9,0
59,Myanmar,MMR59,ERF/3415/78082/85556/2026,2026,Government of Norway,12,17,Norway,NO,5/13/2026 12:00:00 AM,1075615.79,4/15/2026 12:00:00 AM,5/22/2026 12:00:00 AM,1084216.77,1/1/0001 12:00:00 AM,NOK,9.48,NOK,9.22,10000000,9999731.31,0
59,Myanmar,MMR59,ERF/3415/77800/85544/2025,2026,Government of Luxembourg,10,15,Luxembourg,LU,12/11/2025 12:00:00 AM,347624.57,11/3/2025 12:00:00 AM,4/13/2026 12:00:00 AM,343642.61,1/1/0001 12:00:00 AM,EUR,0.86,EUR,0.87,300000,300000,0
59,Myanmar,MMR59,ERF/3415/78222/85796/2026,2026,Government of Luxembourg,10,15,Luxembourg,LU,8/5/2026 12:00:00 AM,345224.4,7/10/2026 12:00:00 AM,8/5/2026 12:00:00 AM,345224.4,1/1/0001 12:00:00 AM,EUR,0.88,EUR,0.87,300000,300000,0
59,Myanmar,MMR59,ERF/3415/77949/85377/2025,2026,Japan,60,60,Japan,JP,2/25/2026 12:00:00 AM,100000,12/26/2025 12:00:00 AM,3/23/2026 12:00:00 AM,100000,1/1/0001 12:00:00 AM,USD,1,USD,1,100000,100000,0
59,Myanmar,MMR59,ERF/3415/78042/85435/2026,2026,Government of Canada,119,7,Canada,CA,3/27/2026 12:00:00 AM,1286764.71,3/12/2026 12:00:00 AM,7/14/2026 12:00:00 AM,1240359.67,1/1/0001 12:00:00 AM,CAD,1.37,CAD,1.41,1750000,1750147.49,0
84,Niger (RhPF-WCA),NER84,ERF/NI_CBPF_RHPF/78143/85665/2026,2026,Government of Belgium,4,6,Belgium,BE,7/28/2026 12:00:00 AM,1142857.14,5/25/2026 12:00:00 AM,8/12/2026 12:00:00 AM,1150747.99,1/1/0001 12:00:00 AM,EUR,0.85,EUR,0.87,1000000,1000000,0
84,Niger (RhPF-WCA),NER84,ERF/NI_CBPF_RHPF/77584/84469/2025,2026,Government of Canada,119,7,Canada,CA,5/1/2025 12:00:00 AM,108225.11,3/19/2025 12:00:00 AM,7/14/2026 12:00:00 AM,106316.54,1/1/0001 12:00:00 AM,CAD,1.44,CAD,1.41,150000,150012.64,0
84,Niger (RhPF-WCA),NER84,ERF/NI_CBPF_RHPF/78082/85640/2026,2026,Government of Norway,12,17,Norway,NO,5/13/2026 12:00:00 AM,645369.47,4/15/2026 12:00:00 AM,5/22/2026 12:00:00 AM,650530.06,1/1/0001 12:00:00 AM,NOK,9.48,NOK,9.22,6000000,5999838.78,0
84,Niger (RhPF-WCA),NER84,ERF/NI_CBPF_RHPF/78087/85688/2026,2026,Iceland,55,55,Iceland,IS,4/17/2026 12:00:00 AM,122739.55,4/16/2026 12:00:00 AM,5/11/2026 12:00:00 AM,121519.28,1/1/0001 12:00:00 AM,ISK,122.21,ISK,123.44,15000000,14999975.67,0
84,Niger (RhPF-WCA),NER84,ERF/NI_CBPF_RHPF/78095/85633/2026,2026,Government of Denmark,5,8,Denmark,DK,3/23/2026 12:00:00 AM,1028806.48,3/19/2026 12:00:00 AM,4/16/2026 12:00:00 AM,1046837.94,1/1/0001 12:00:00 AM,DKK,6.48,DKK,6.37,6666666,6666264.01,0
84,Niger (RhPF-WCA),NER84,ERF/NI_CBPF_RHPF/77806/84936/2025,2026,Government of Belgium,4,6,Belgium,BE,12/18/2025 12:00:00 AM,3521126.76,11/3/2025 12:00:00 AM,4/23/2026 12:00:00 AM,3512880.56,1/1/0001 12:00:00 AM,EUR,0.86,EUR,0.85,3000000,3000000,0
84,Niger (RhPF-WCA),NER84,ERF/NI_CBPF_RHPF/75626/81923/2023,2026,Government of Germany,7,11,Germany,DE,6/27/2023 12:00:00 AM,2157497.3,5/31/2023 12:00:00 AM,2/25/2026 12:00:00 AM,2378121.28,1/1/0001 12:00:00 AM,EUR,0.92,EUR,0.84,2000000,2000000,0
75,Nigeria,NGA75,ERF/NIG_ERF/78082/85557/2026,2026,Government of Norway,12,17,Norway,NO,5/13/2026 12:00:00 AM,537807.9,4/15/2026 12:00:00 AM,5/22/2026 12:00:00 AM,542108.39,1/1/0001 12:00:00 AM,NOK,9.48,NOK,9.22,5000000,4999865.65,0
75,Nigeria,NGA75,ERF/NIG_ERF-US/77991/85338/2026,2026,United States,102,102,United States,US,2/20/2026 12:00:00 AM,125000000,2/16/2026 12:00:00 AM,3/10/2026 12:00:00 AM,125000000,1/1/0001 12:00:00 AM,USD,1,USD,1,125000000,125000000,0
75,Nigeria,NGA75,ERF/NIG_ERF/77834/84973/2025,2026,Government of Switzerland,16,24,Switzerland,CH,11/27/2025 12:00:00 AM,187734.67,11/18/2025 12:00:00 AM,7/3/2026 12:00:00 AM,185873.61,1/1/0001 12:00:00 AM,CHF,0.8,CHF,0.81,150000,150000,0
75,Nigeria,NGA75,ERF/NIG_ERF/77981/85227/2026,2026,Sida,20,22,Sweden,SE,3/16/2026 12:00:00 AM,1826189.71,2/2/2026 12:00:00 AM,3/30/2026 12:00:00 AM,1812723.81,1/1/0001 12:00:00 AM,SEK,8.81,SEK,9.38,17000000,16999723.93,0
75,Nigeria,NGA75,ERF/NIG_ERF/78112/85602/2026,2026,UN Foundation/UN Partnership Office,131,132,Private donations (through UNF),UNF,1/20/2026 12:00:00 AM,5355.55,4/24/2026 12:00:00 AM,5/28/2026 12:00:00 AM,5355.55,1/1/0001 12:00:00 AM,USD,1,USD,1,5355.55,5355.55,0
75,Nigeria,NGA75,ERF/NIG_ERF-US/78249/85840/2026,2026,United States,102,102,United States,US,8/7/2026 12:00:00 AM,100000000,8/7/2026 12:00:00 AM,1/1/0001 12:00:00 AM,0,1/1/0001 12:00:00 AM,USD,1,USD,0,100000000,0,0
75,Nigeria,NGA75,ERF/NIG_ERF/78108/85589/2026,2026,IRISH AID,23,13,Ireland,IE,9/18/2026 12:00:00 AM,580046.4,9/18/2026 12:00:00 AM,1/1/0001 12:00:00 AM,0,1/1/0001 12:00:00 AM,EUR,0.85,EUR,0,500000,0,0
75,Nigeria,NGA75,ERF/NIG_ERF/78011/85375/2026,2026,Thailand,1027,196,Thailand,TH,2/26/2026 12:00:00 AM,10000,2/24/2026 12:00:00 AM,3/11/2026 12:00:00 AM,10000,1/1/0001 12:00:00 AM,USD,1,USD,1,10000,10000,0
75,Nigeria,NGA75,ERF/NIG_ERF/77584/84470/2025,2026,Government of Canada,119,7,Canada,CA,5/1/2025 12:00:00 AM,468975.47,3/19/2025 12:00:00 AM,7/14/2026 12:00:00 AM,460705.02,1/1/0001 12:00:00 AM,CAD,1.44,CAD,1.41,650000,650054.78,0
75,Nigeria,NGA75,ERF/NIG_ERF/78042/85428/2026,2026,Government of Canada,119,7,Canada,CA,3/27/2026 12:00:00 AM,441176.47,3/12/2026 12:00:00 AM,7/14/2026 12:00:00 AM,425266.17,1/1/0001 12:00:00 AM,CAD,1.37,CAD,1.41,600000,600050.57,0
75,Nigeria,NGA75,ERF/NIG_ERF/75627/81924/2023,2026,Government of Germany,7,11,Germany,DE,6/27/2023 12:00:00 AM,3236245.95,5/31/2023 12:00:00 AM,2/25/2026 12:00:00 AM,3567181.93,1/1/0001 12:00:00 AM,EUR,0.92,EUR,0.84,3000000,3000000,0
75,Nigeria,NGA75,ERF/NIG_ERF/77833/84972/2025,2026,Government of Switzerland,16,24,Switzerland,CH,11/27/2025 12:00:00 AM,813516.9,11/18/2025 12:00:00 AM,2/17/2026 12:00:00 AM,846354.17,1/1/0001 12:00:00 AM,CHF,0.8,CHF,0.77,650000,650000,0
67,oPt,PSE67,ERF/3482/77806/84934/2025,2026,Government of Belgium,4,6,Belgium,BE,12/18/2025 12:00:00 AM,4694835.68,11/3/2025 12:00:00 AM,4/23/2026 12:00:00 AM,4683840.75,1/1/0001 12:00:00 AM,EUR,0.86,EUR,0.85,4000000,4000000,0
67,oPt,PSE67,ERF/3482/78012/85380/2026,2026,Government of Finland,6,10,Finland,FI,3/24/2026 12:00:00 AM,5767012.69,2/25/2026 12:00:00 AM,3/31/2026 12:00:00 AM,5767012.69,1/1/0001 12:00:00 AM,EUR,0.84,EUR,0.87,5000000,5000000,0
67,oPt,PSE67,ERF/3482/78110/85591/2026,2026,Government of Spain,15,21,Spain,ES,5/28/2026 12:00:00 AM,1170960.19,4/23/2026 12:00:00 AM,6/16/2026 12:00:00 AM,1152073.73,1/1/0001 12:00:00 AM,EUR,0.85,EUR,0.87,1000000,1000000,0
67,oPt,PSE67,ERF/3482/78199/85742/2026,2026,Government of Poland,13,18,Poland,PL,6/26/2026 12:00:00 AM,1083130.25,6/26/2026 12:00:00 AM,7/15/2026 12:00:00 AM,1048460.09,1/1/0001 12:00:00 AM,PLN,3.69,PLN,3.81,4000000,3999875.24,0
67,oPt,PSE67,ERF/3482/77971/85155/2026,2026,Private Contributions,1011,,Private Contributions,UNF,1/7/2026 12:00:00 AM,300,1/7/2026 12:00:00 AM,1/9/2026 12:00:00 AM,300,1/1/0001 12:00:00 AM,USD,1,USD,1,300,300,0
67,oPt,PSE67,ERF/3482/78112/85603/2026,2026,UN Foundation/UN Partnership Office,131,132,Private donations (through UNF),UNF,1/20/2026 12:00:00 AM,1098720.59,4/24/2026 12:00:00 AM,5/28/2026 12:00:00 AM,1098720.59,1/1/0001 12:00:00 AM,USD,1,USD,1,1098720.59,1098720.59,0
67,oPt,PSE67,ERF/3482/78233/85816/2026,2026,Scotland,1031,200,Scotland,GB-SC,7/16/2026 12:00:00 AM,669344.04,7/16/2026 12:00:00 AM,7/30/2026 12:00:00 AM,669344.04,1/1/0001 12:00:00 AM,GBP,0.75,GBP,0.75,500000,500000,0
67,oPt,PSE67,ERF/3482/78006/85335/2026,2026,PRIVATE SECTOR,17,19,PRIVATE SECTOR,UNF,2/20/2026 12:00:00 AM,110000,2/20/2026 12:00:00 AM,4/29/2026 12:00:00 AM,110000,1/1/0001 12:00:00 AM,USD,1,USD,1,110000,110000,0
67,oPt,PSE67,ERF/3482/78276/85872/2026,2026,Sida,20,22,Sweden,SE,9/11/2026 12:00:00 AM,1260371.81,9/11/2026 12:00:00 AM,1/1/0001 12:00:00 AM,0,1/1/0001 12:00:00 AM,SEK,9.52,SEK,0,12000000,0,0
67,oPt,PSE67,ERF/3482/77981/85228/2026,2026,Sida,20,22,Sweden,SE,3/16/2026 12:00:00 AM,3759802.34,2/2/2026 12:00:00 AM,3/30/2026 12:00:00 AM,3732078.44,1/1/0001 12:00:00 AM,SEK,8.81,SEK,9.38,35000000,34999431.62,0
67,oPt,PSE67,ERF/3482/78202/85746/2026,2026,Government of Denmark,5,8,Denmark,DK,6/30/2026 12:00:00 AM,6114338.12,6/29/2026 12:00:00 AM,7/9/2026 12:00:00 AM,6092902.13,1/1/0001 12:00:00 AM,DKK,6.49,DKK,6.57,40000000,39999902.48,0
67,oPt,PSE67,ERF/3482/78070/85525/2026,2026,PRIVATE SECTOR,17,19,PRIVATE SECTOR,UNF,4/7/2026 12:00:00 AM,5052.7,4/7/2026 12:00:00 AM,4/9/2026 12:00:00 AM,5052.7,1/1/0001 12:00:00 AM,GBP,0.76,GBP,0.76,3835,3835,0
67,oPt,PSE67,ERF/3482/78058/85511/2026,2026,Austria,31,31,Austria,AT,6/3/2026 12:00:00 AM,3488372.09,3/26/2026 12:00:00 AM,6/8/2026 12:00:00 AM,3488372.09,1/1/0001 12:00:00 AM,EUR,0.87,EUR,0.86,3000000,3000000,0
67,oPt,PSE67,ERF/3482/78074/85530/2026,2026,IRISH AID,23,13,Ireland,IE,4/15/2026 12:00:00 AM,4613583.14,4/8/2026 12:00:00 AM,4/28/2026 12:00:00 AM,4613583.14,1/1/0001 12:00:00 AM,EUR,0.87,EUR,0.85,3940000,3940000,0
67,oPt,PSE67,ERF/3482/78086/85567/2026,2026,Iceland,55,55,Iceland,IS,4/17/2026 12:00:00 AM,490958.19,4/16/2026 12:00:00 AM,5/7/2026 12:00:00 AM,484274.4,1/1/0001 12:00:00 AM,ISK,122.21,ISK,123.9,60000000,60000145.34,0
67,oPt,PSE67,ERF/3482/78143/85667/2026,2026,Government of Belgium,4,6,Belgium,BE,7/28/2026 12:00:00 AM,2285714.29,5/25/2026 12:00:00 AM,8/12/2026 12:00:00 AM,2301495.97,1/1/0001 12:00:00 AM,EUR,0.85,EUR,0.87,2000000,2000000,0
67,oPt,PSE67,ERF/3482/78187/85730/2026,2026,Government of Switzerland,16,24,Switzerland,CH,7/8/2026 12:00:00 AM,3717472.12,6/23/2026 12:00:00 AM,7/15/2026 12:00:00 AM,3703703.7,1/1/0001 12:00:00 AM,CHF,0.8,CHF,0.81,3000000,3000000,0
67,oPt,PSE67,ERF/3482/78221/85793/2026,2026,Government of the United Kingdom (Former DFID),19,9,United Kingdom,GB,8/21/2026 12:00:00 AM,10121457.49,7/9/2026 12:00:00 AM,8/26/2026 12:00:00 AM,10121457.49,1/1/0001 12:00:00 AM,GBP,0.76,GBP,0.74,7500000,7500000,0
67,oPt,PSE67,ERF/3482/77800/85545/2025,2026,Government of Luxembourg,10,15,Luxembourg,LU,12/11/2025 12:00:00 AM,347624.57,11/3/2025 12:00:00 AM,4/13/2026 12:00:00 AM,343642.61,1/1/0001 12:00:00 AM,EUR,0.86,EUR,0.87,300000,300000,0
67,oPt,PSE67,ERF/3482/77954/85138/2025,2026,Government of the United Kingdom (Former DFID),19,9,United Kingdom,GB,2/27/2026 12:00:00 AM,4250874.32,12/30/2025 12:00:00 AM,3/12/2026 12:00:00 AM,4216314.36,1/1/0001 12:00:00 AM,GBP,0.75,GBP,0.74,3111640,3111640,0
67,oPt,PSE67,ERF/3482/78062/85515/2026,2026,Catalan Agency for Development Cooperation,1016,185,Catalan Agency for Development Cooperation,ES-CT,6/5/2026 12:00:00 AM,232558.14,3/30/2026 12:00:00 AM,6/8/2026 12:00:00 AM,232558.14,1/1/0001 12:00:00 AM,EUR,0.87,EUR,0.86,200000,200000,0
67,oPt,PSE67,ERF/3482/78212/85763/2026,2026,Government of Netherlands,11,16,Netherlands,NL,7/13/2026 12:00:00 AM,5714285.71,7/2/2026 12:00:00 AM,7/16/2026 12:00:00 AM,5714285.72,1/1/0001 12:00:00 AM,EUR,0.88,EUR,0.88,5000000,5000000,0
67,oPt,PSE67,ERF/3482/78224/85802/2026,2026,Government of Netherlands,11,16,Netherlands,NL,7/14/2026 12:00:00 AM,12571428.57,7/10/2026 12:00:00 AM,7/16/2026 12:00:00 AM,12571428.57,1/1/0001 12:00:00 AM,EUR,0.88,EUR,0.88,11000000,11000000,0
60,Pakistan,PAK60,ERF/3474/78112/85614/2026,2026,UN Foundation/UN Partnership Office,131,132,Private donations (through UNF),UNF,1/20/2026 12:00:00 AM,9133.29,4/24/2026 12:00:00 AM,5/28/2026 12:00:00 AM,9133.29,1/1/0001 12:00:00 AM,USD,1,USD,1,9133.29,9133.29,0
21,Somalia,SOM21,ERF/SOHF/78112/85605/2026,2026,UN Foundation/UN Partnership Office,131,132,Private donations (through UNF),UNF,1/20/2026 12:00:00 AM,105326.6,4/24/2026 12:00:00 AM,5/28/2026 12:00:00 AM,105326.6,1/1/0001 12:00:00 AM,USD,1,USD,1,105326.6,105326.6,0
21,Somalia,SOM21,ERF/SOHF/78185/85728/2026,2026,Government of Italy,9,14,Italy,IT,9/1/2026 12:00:00 AM,1164144.35,9/1/2026 12:00:00 AM,1/1/0001 12:00:00 AM,0,1/1/0001 12:00:00 AM,EUR,0.87,EUR,0,1000000,0,0
21,Somalia,SOM21,ERF/SOHF/77584/84471/2025,2026,Government of Canada,119,7,Canada,CA,5/1/2025 12:00:00 AM,1190476.19,3/19/2025 12:00:00 AM,7/14/2026 12:00:00 AM,1169481.97,1/1/0001 12:00:00 AM,CAD,1.44,CAD,1.41,1650000,1650139.06,0
21,Somalia,SOM21,ERF/SOHF/77978/85219/2026,2026,Government of the United Kingdom (Former DFID),19,9,United Kingdom,GB,1/26/2026 12:00:00 AM,2688172.04,1/22/2026 12:00:00 AM,2/5/2026 12:00:00 AM,2766251.73,1/1/0001 12:00:00 AM,GBP,0.74,GBP,0.72,2000000,2000000,0
21,Somalia,SOM21,ERF/SOHF/78093/85574/2026,2026,Government of Denmark,5,8,Denmark,DK,3/23/2026 12:00:00 AM,4629629.63,3/19/2026 12:00:00 AM,4/16/2026 12:00:00 AM,4714206.72,1/1/0001 12:00:00 AM,DKK,6.48,DKK,6.36,30000000,30001211.57,0
21,Somalia,SOM21,ERF/SOHF/78212/85764/2026,2026,Government of Netherlands,11,16,Netherlands,NL,7/13/2026 12:00:00 AM,5714285.71,7/2/2026 12:00:00 AM,7/16/2026 12:00:00 AM,5714285.72,1/1/0001 12:00:00 AM,EUR,0.88,EUR,0.88,5000000,5000000,0
21,Somalia,SOM21,ERF/SOHF/77981/85229/2026,2026,Sida,20,22,Sweden,SE,3/16/2026 12:00:00 AM,2148458.48,2/2/2026 12:00:00 AM,3/30/2026 12:00:00 AM,2132616.25,1/1/0001 12:00:00 AM,SEK,8.81,SEK,9.38,20000000,19999675.21,0
21,Somalia,SOM21,ERF/SOHF/78010/85374/2026,2026,Government of Switzerland,16,24,Switzerland,CH,3/27/2026 12:00:00 AM,3875968.99,2/24/2026 12:00:00 AM,3/9/2026 12:00:00 AM,3875968.99,1/1/0001 12:00:00 AM,CHF,0.77,CHF,0.77,3000000,3000000,0
21,Somalia,SOM21,ERF/SOHF/77778/84893/2025,2026,Government of Germany,7,11,Germany,DE,12/8/2025 12:00:00 AM,2317497.1,10/17/2025 12:00:00 AM,2/19/2026 12:00:00 AM,2378121.28,1/1/0001 12:00:00 AM,EUR,0.87,EUR,0.84,2000000,2000000,0
21,Somalia,SOM21,ERF/SOHF/78042/85429/2026,2026,Government of Canada,119,7,Canada,CA,3/27/2026 12:00:00 AM,257352.94,3/12/2026 12:00:00 AM,7/14/2026 12:00:00 AM,248071.93,1/1/0001 12:00:00 AM,CAD,1.37,CAD,1.41,350000,350029.5,0
21,Somalia,SOM21,ERF/SOHF/78224/85803/2026,2026,Government of Netherlands,11,16,Netherlands,NL,7/14/2026 12:00:00 AM,9142857.14,7/10/2026 12:00:00 AM,7/16/2026 12:00:00 AM,9142857.14,1/1/0001 12:00:00 AM,EUR,0.88,EUR,0.88,8000000,8000000,0
21,Somalia,SOM21,ERF/SOHF/78071/85526/2026,2026,Government of the United Kingdom (Former DFID),19,9,United Kingdom,GB,4/10/2026 12:00:00 AM,1317523.06,4/7/2026 12:00:00 AM,7/7/2026 12:00:00 AM,1321003.96,1/1/0001 12:00:00 AM,GBP,0.76,GBP,0.76,1000000,1000000,0
21,Somalia,SOM21,ERF/SOHF/78082/85559/2026,2026,Government of Norway,12,17,Norway,NO,5/13/2026 12:00:00 AM,1613423.69,4/15/2026 12:00:00 AM,5/22/2026 12:00:00 AM,1626325.16,1/1/0001 12:00:00 AM,NOK,9.48,NOK,9.22,15000000,14999596.96,0
21,Somalia,SOM21,ERF/SOHF/78106/85587/2026,2026,IRISH AID,23,13,Ireland,IE,4/27/2026 12:00:00 AM,4683840.75,4/22/2026 12:00:00 AM,5/18/2026 12:00:00 AM,4683840.75,1/1/0001 12:00:00 AM,EUR,0.85,EUR,0.85,4000000,4000000,0
21,Somalia,SOM21,ERF/SOHF/77552/84400/2025,2026,Kuwait,64,64,Kuwait,KW,4/24/2025 12:00:00 AM,1250000,3/6/2025 12:00:00 AM,7/2/2026 12:00:00 AM,1250000,1/1/0001 12:00:00 AM,USD,1,USD,1,1250000,1250000,0
507,South Pacific Envelope (RHPF-AP),AP501,ERF/F-MCO_RHPF_AP/78015/85391/2026,2026,Government of the United Kingdom (Former DFID),19,9,United Kingdom,GB,3/9/2026 12:00:00 AM,254525.75,3/2/2026 12:00:00 AM,3/13/2026 12:00:00 AM,254525.75,1/1/0001 12:00:00 AM,GBP,0.74,GBP,0.74,187840,187840,0
507,South Pacific Envelope (RHPF-AP),AP501,ERF/F-MCO_RHPF_AP/78182/85725/2026,2026,Government of Australia,2,3,Australia,AU,6/18/2026 12:00:00 AM,2094972.07,6/17/2026 12:00:00 AM,6/26/2026 12:00:00 AM,2090723.85,1/1/0001 12:00:00 AM,AUD,1.43,AUD,1.44,3000000,3000188.72,0
19,South Sudan,SSD19,ERF/SSHF/78104/85585/2026,2026,IRISH AID,23,13,Ireland,IE,4/27/2026 12:00:00 AM,4683840.75,4/22/2026 12:00:00 AM,6/2/2026 12:00:00 AM,4651162.79,1/1/0001 12:00:00 AM,EUR,0.85,EUR,0.86,4000000,4000000,0
19,South Sudan,SSD19,ERF/SSHF/77981/85230/2026,2026,Sida,20,22,Sweden,SE,3/16/2026 12:00:00 AM,2148458.48,2/2/2026 12:00:00 AM,3/30/2026 12:00:00 AM,2132616.25,1/1/0001 12:00:00 AM,SEK,8.81,SEK,9.38,20000000,19999675.21,0
19,South Sudan,SSD19,ERF/SSHF/78082/85560/2026,2026,Government of Norway,12,17,Norway,NO,5/13/2026 12:00:00 AM,1075615.79,4/15/2026 12:00:00 AM,5/22/2026 12:00:00 AM,1084216.77,1/1/0001 12:00:00 AM,NOK,9.48,NOK,9.22,10000000,9999731.31,0
19,South Sudan,SSD19,ERF/SSHF/77584/84472/2025,2026,Government of Canada,119,7,Canada,CA,5/1/2025 12:00:00 AM,865800.87,3/19/2025 12:00:00 AM,7/14/2026 12:00:00 AM,850532.34,1/1/0001 12:00:00 AM,CAD,1.44,CAD,1.41,1200000,1200101.13,0
19,South Sudan,SSD19,ERF/SSHF-US/78156/85679/2026,2026,United States,102,102,United States,US,6/2/2026 12:00:00 AM,50000000,5/27/2026 12:00:00 AM,7/6/2026 12:00:00 AM,50000000,1/1/0001 12:00:00 AM,USD,1,USD,1,50000000,50000000,0
19,South Sudan,SSD19,ERF/SSHF/77800/85547/2025,2026,Government of Luxembourg,10,15,Luxembourg,LU,12/11/2025 12:00:00 AM,289687.14,11/3/2025 12:00:00 AM,4/13/2026 12:00:00 AM,286368.84,1/1/0001 12:00:00 AM,EUR,0.86,EUR,0.87,250000,250000,0
19,South Sudan,SSD19,ERF/SSHF/78112/85606/2026,2026,UN Foundation/UN Partnership Office,131,132,Private donations (through UNF),UNF,1/20/2026 12:00:00 AM,149790.95,4/24/2026 12:00:00 AM,5/28/2026 12:00:00 AM,149790.95,1/1/0001 12:00:00 AM,USD,1,USD,1,149790.95,149790.95,0
19,South Sudan,SSD19,ERF/SSHF/78224/85804/2026,2026,Government of Netherlands,11,16,Netherlands,NL,7/14/2026 12:00:00 AM,6857142.86,7/10/2026 12:00:00 AM,7/16/2026 12:00:00 AM,6857142.86,1/1/0001 12:00:00 AM,EUR,0.88,EUR,0.88,6000000,6000000,0
19,South Sudan,SSD19,ERF/SSHF/78042/85430/2026,2026,Government of Canada,119,7,Canada,CA,3/27/2026 12:00:00 AM,220588.24,3/12/2026 12:00:00 AM,7/14/2026 12:00:00 AM,212633.09,1/1/0001 12:00:00 AM,CAD,1.37,CAD,1.41,300000,300025.28,0
19,South Sudan,SSD19,ERF/SSHF-US/77991/85339/2026,2026,United States,102,102,United States,US,2/20/2026 12:00:00 AM,100000000,2/16/2026 12:00:00 AM,3/10/2026 12:00:00 AM,100000000,1/1/0001 12:00:00 AM,USD,1,USD,1,100000000,100000000,0
19,South Sudan,SSD19,ERF/SSHF/75628/81925/2023,2026,Government of Germany,7,11,Germany,DE,6/27/2023 12:00:00 AM,2696871.63,5/31/2023 12:00:00 AM,2/25/2026 12:00:00 AM,2972651.61,1/1/0001 12:00:00 AM,EUR,0.92,EUR,0.84,2500000,2500000,0
19,South Sudan,SSD19,ERF/SSHF/78027/85403/2026,2026,Jersey,120,120,Jersey,JE,3/24/2026 12:00:00 AM,280748.66,3/5/2026 12:00:00 AM,4/1/2026 12:00:00 AM,276679.84,1/1/0001 12:00:00 AM,GBP,0.74,GBP,0.76,210000,210000,0
19,South Sudan,SSD19,ERF/SSHF/78212/85765/2026,2026,Government of Netherlands,11,16,Netherlands,NL,7/13/2026 12:00:00 AM,5714285.71,7/2/2026 12:00:00 AM,7/16/2026 12:00:00 AM,5714285.72,1/1/0001 12:00:00 AM,EUR,0.88,EUR,0.88,5000000,5000000,0
15,Sudan,SUD15,ERF/SUHF/78105/85586/2026,2026,IRISH AID,23,13,Ireland,IE,7/30/2026 12:00:00 AM,5714285.71,4/22/2026 12:00:00 AM,8/10/2026 12:00:00 AM,5753739.93,1/1/0001 12:00:00 AM,EUR,0.85,EUR,0.87,5000000,5000000,0
15,Sudan,SUD15,ERF/SUHF/78224/85805/2026,2026,Government of Netherlands,11,16,Netherlands,NL,7/14/2026 12:00:00 AM,14857142.86,7/10/2026 12:00:00 AM,7/16/2026 12:00:00 AM,14857142.86,1/1/0001 12:00:00 AM,EUR,0.88,EUR,0.88,13000000,13000000,0
15,Sudan,SUD15,ERF/SUHF/77811/84944/2025,2026,Government of Australia,2,3,Australia,AU,1/12/2026 12:00:00 AM,9377093.1,11/5/2025 12:00:00 AM,12/30/2025 12:00:00 AM,9758465.54,1/1/0001 12:00:00 AM,AUD,1.53,AUD,1.44,14000000,14003398.05,0
15,Sudan,SUD15,ERF/SUHF/78068/85522/2026,2026,Estonia,49,49,Estonia,EE,5/4/2026 12:00:00 AM,35087.72,4/2/2026 12:00:00 AM,4/14/2026 12:00:00 AM,34364.26,1/1/0001 12:00:00 AM,EUR,0.87,EUR,0.87,30000,30000,0
15,Sudan,SUD15,ERF/SUHF/78136/85654/2026,2026,EUROPEAN UNION,105,105,European Commission,EU,9/15/2026 12:00:00 AM,12761020.88,9/15/2026 12:00:00 AM,1/1/0001 12:00:00 AM,0,1/1/0001 12:00:00 AM,EUR,0.85,EUR,0,11000000,0,0
15,Sudan,SUD15,ERF/SUHF/77779/84894/2025,2026,Government of Germany,7,11,Germany,DE,12/8/2025 12:00:00 AM,2317497.1,10/17/2025 12:00:00 AM,7/23/2026 12:00:00 AM,2285714.29,1/1/0001 12:00:00 AM,EUR,0.87,EUR,0.88,2000000,2000000,0
15,Sudan,SUD15,ERF/SUHF/77806/84938/2025,2026,Government of Belgium,4,6,Belgium,BE,12/18/2025 12:00:00 AM,2934272.3,11/3/2025 12:00:00 AM,4/23/2026 12:00:00 AM,2927400.47,1/1/0001 12:00:00 AM,EUR,0.86,EUR,0.85,2500000,2500000,0
15,Sudan,SUD15,ERF/SUHF/78082/85561/2026,2026,Government of Norway,12,17,Norway,NO,5/13/2026 12:00:00 AM,3226847.37,4/15/2026 12:00:00 AM,5/22/2026 12:00:00 AM,3252650.32,1/1/0001 12:00:00 AM,NOK,9.48,NOK,9.22,30000000,29999193.92,0
15,Sudan,SUD15,ERF/SUHF/78212/85766/2026,2026,Government of Netherlands,11,16,Netherlands,NL,7/13/2026 12:00:00 AM,5714285.71,7/2/2026 12:00:00 AM,7/16/2026 12:00:00 AM,5714285.72,1/1/0001 12:00:00 AM,EUR,0.88,EUR,0.88,5000000,5000000,0
15,Sudan,SUD15,ERF/SUHF/77584/84473/2025,2026,Government of Canada,119,7,Canada,CA,5/1/2025 12:00:00 AM,1803751.8,3/19/2025 12:00:00 AM,7/14/2026 12:00:00 AM,1771942.38,1/1/0001 12:00:00 AM,CAD,1.44,CAD,1.41,2500000,2500210.69,0
15,Sudan,SUD15,ERF/SUHF/77941/85108/2025,2026,United Arab Emirates,101,101,United Arab Emirates,AE,1/15/2026 12:00:00 AM,5000000,12/20/2025 12:00:00 AM,2/20/2026 12:00:00 AM,5000000,1/1/0001 12:00:00 AM,USD,1,USD,1,5000000,5000000,0
15,Sudan,SUD15,ERF/SUHF/77981/85231/2026,2026,Sida,20,22,Sweden,SE,3/16/2026 12:00:00 AM,3222687.72,2/2/2026 12:00:00 AM,3/30/2026 12:00:00 AM,3198924.38,1/1/0001 12:00:00 AM,SEK,8.81,SEK,9.38,30000000,29999512.82,0
15,Sudan,SUD15,ERF/SUHF/78083/85564/2026,2026,Government of Poland,13,18,Poland,PL,4/17/2026 12:00:00 AM,1102535.83,4/16/2026 12:00:00 AM,6/1/2026 12:00:00 AM,1092906.92,1/1/0001 12:00:00 AM,PLN,3.63,PLN,3.66,4000000,4000039.33,0
15,Sudan,SUD15,ERF/SUHF/78088/85569/2026,2026,Iceland,55,55,Iceland,IS,4/17/2026 12:00:00 AM,409131.82,4/16/2026 12:00:00 AM,5/6/2026 12:00:00 AM,403348.11,1/1/0001 12:00:00 AM,ISK,122.21,ISK,123.96,50000000,49999838.41,0
15,Sudan,SUD15,ERF/SUHF/78192/85735/2026,2026,Isle of Man,1037,206,Isle of Man,IM,6/25/2026 12:00:00 AM,200267.02,6/25/2026 12:00:00 AM,7/10/2026 12:00:00 AM,198150.59,1/1/0001 12:00:00 AM,GBP,0.75,GBP,0.76,150000,150000,0
15,Sudan,SUD15,ERF/SUHF-US/78220/85790/2026,2026,United States,102,102,United States,US,7/8/2026 12:00:00 AM,175000000,5/27/2026 12:00:00 AM,7/28/2026 12:00:00 AM,175000000,1/1/0001 12:00:00 AM,USD,1,USD,1,175000000,175000000,0
15,Sudan,SUD15,ERF/SUHF/78035/85417/2026,2026,Isle of Man,1037,206,Isle of Man,IM,3/13/2026 12:00:00 AM,271002.71,3/9/2026 12:00:00 AM,3/27/2026 12:00:00 AM,267379.68,1/1/0001 12:00:00 AM,GBP,0.74,GBP,0.75,200000,200000,0
15,Sudan,SUD15,ERF/SUHF/78049/85473/2026,2026,Government of Denmark,5,8,Denmark,DK,3/23/2026 12:00:00 AM,2314814.81,3/19/2026 12:00:00 AM,4/20/2026 12:00:00 AM,2351323.47,1/1/0001 12:00:00 AM,DKK,6.48,DKK,6.38,15000000,14999092.42,0
15,Sudan,SUD15,ERF/SUHF/78103/85584/2026,2026,Basque Agency for Development Cooperation,1025,194,Basque Agency for Development Cooperation,ES-PV,7/28/2026 12:00:00 AM,114285.71,4/22/2026 12:00:00 AM,7/6/2026 12:00:00 AM,114285.71,1/1/0001 12:00:00 AM,EUR,0.85,EUR,0.88,100000,100000,0
15,Sudan,SUD15,ERF/SUHF/78109/85590/2026,2026,Government of Switzerland,16,24,Switzerland,CH,4/29/2026 12:00:00 AM,5076142.13,4/23/2026 12:00:00 AM,5/5/2026 12:00:00 AM,5063291.14,1/1/0001 12:00:00 AM,CHF,0.79,CHF,0.79,4000000,4000000,0
15,Sudan,SUD15,ERF/SUHF/78112/85607/2026,2026,UN Foundation/UN Partnership Office,131,132,Private donations (through UNF),UNF,1/20/2026 12:00:00 AM,243352.1,4/24/2026 12:00:00 AM,5/28/2026 12:00:00 AM,243352.1,1/1/0001 12:00:00 AM,USD,1,USD,1,243352.1,243352.1,0
15,Sudan,SUD15,ERF/SUHF/78269/85862/2026,2026,Government of Denmark,5,8,Denmark,DK,9/1/2026 12:00:00 AM,4674353.38,8/26/2026 12:00:00 AM,9/15/2026 12:00:00 AM,4628941.84,1/1/0001 12:00:00 AM,DKK,6.48,DKK,6.48,30000000,30000172.07,0
15,Sudan,SUD15,ERF/SUHF-US/77985/85241/2026,2026,United States,102,102,United States,US,2/6/2026 12:00:00 AM,200000000,2/7/2026 12:00:00 AM,3/4/2026 12:00:00 AM,200000000,1/1/0001 12:00:00 AM,USD,1,USD,1,200000000,200000000,0
15,Sudan,SUD15,ERF/SUHF/77765/84879/2025,2026,Kuwait,64,64,Kuwait,KW,10/14/2025 12:00:00 AM,1500000,10/14/2025 12:00:00 AM,1/1/0001 12:00:00 AM,0,1/1/0001 12:00:00 AM,USD,1,USD,0,1500000,0,0
15,Sudan,SUD15,ERF/SUHF/78042/85431/2026,2026,Government of Canada,119,7,Canada,CA,3/27/2026 12:00:00 AM,5514705.88,3/12/2026 12:00:00 AM,7/14/2026 12:00:00 AM,5315827.14,1/1/0001 12:00:00 AM,CAD,1.37,CAD,1.41,7500000,7500632.1,0
15,Sudan,SUD15,ERF/SUHF/75514/81759/2023,2026,Government of Germany,7,11,Germany,DE,5/2/2023 12:00:00 AM,3300330.03,4/25/2023 12:00:00 AM,2/25/2026 12:00:00 AM,3567181.93,1/1/0001 12:00:00 AM,EUR,0.91,EUR,0.84,3000000,3000000,0
15,Sudan,SUD15,ERF/SUHF/77800/85546/2025,2026,Government of Luxembourg,10,15,Luxembourg,LU,12/11/2025 12:00:00 AM,347624.57,11/3/2025 12:00:00 AM,4/13/2026 12:00:00 AM,343642.61,1/1/0001 12:00:00 AM,EUR,0.86,EUR,0.87,300000,300000,0
15,Sudan,SUD15,ERF/SUHF/78098/85579/2026,2026,Government of the United Kingdom (Former DFID),19,9,United Kingdom,GB,4/22/2026 12:00:00 AM,13458950.2,4/20/2026 12:00:00 AM,4/27/2026 12:00:00 AM,13458950.2,1/1/0001 12:00:00 AM,GBP,0.74,GBP,0.74,10000000,10000000,0
62,Syria,SYR62,ERF/3558-US/78220/85791/2026,2026,United States,102,102,United States,US,7/8/2026 12:00:00 AM,110000000,5/27/2026 12:00:00 AM,7/28/2026 12:00:00 AM,110000000,1/1/0001 12:00:00 AM,USD,1,USD,1,110000000,110000000,0
62,Syria,SYR62,ERF/3558/78042/85439/2026,2026,Government of Canada,119,7,Canada,CA,3/27/2026 12:00:00 AM,1213235.29,3/12/2026 12:00:00 AM,7/14/2026 12:00:00 AM,1169481.97,1/1/0001 12:00:00 AM,CAD,1.37,CAD,1.41,1650000,1650139.06,0
62,Syria,SYR62,ERF/3558/75658/81961/2023,2026,Iceland,55,55,Iceland,IS,4/17/2026 12:00:00 AM,490958.19,6/13/2023 12:00:00 AM,5/8/2026 12:00:00 AM,487173.53,1/1/0001 12:00:00 AM,ISK,139.09,ISK,123.16,60000000,59999804.78,0
62,Syria,SYR62,ERF/3558/77806/84932/2025,2026,Government of Belgium,4,6,Belgium,BE,12/18/2025 12:00:00 AM,8215962.44,11/3/2025 12:00:00 AM,4/23/2026 12:00:00 AM,8196721.31,1/1/0001 12:00:00 AM,EUR,0.86,EUR,0.85,7000000,7000000,0
62,Syria,SYR62,ERF/3558/77972/85156/2026,2026,Government of the United Kingdom (Former DFID),19,9,United Kingdom,GB,1/15/2026 12:00:00 AM,10013440.86,1/9/2026 12:00:00 AM,2/6/2026 12:00:00 AM,10304287.69,1/1/0001 12:00:00 AM,GBP,0.74,GBP,0.72,7450000,7450000,0
62,Syria,SYR62,ERF/3558/78112/85609/2026,2026,UN Foundation/UN Partnership Office,131,132,Private donations (through UNF),UNF,1/20/2026 12:00:00 AM,7680.34,4/24/2026 12:00:00 AM,5/28/2026 12:00:00 AM,7680.34,1/1/0001 12:00:00 AM,USD,1,USD,1,7680.34,7680.34,0
62,Syria,SYR62,ERF/3558/78218/85787/2026,2026,Kuwait,64,64,Kuwait,KW,8/6/2026 12:00:00 AM,1250000,7/8/2026 12:00:00 AM,9/10/2026 12:00:00 AM,1250000,1/1/0001 12:00:00 AM,USD,1,USD,1,1250000,1250000,0
62,Syria,SYR62,ERF/3558/78274/85867/2026,2026,EUROPEAN UNION,105,105,European Commission,EU,8/14/2026 12:00:00 AM,2301495.97,8/28/2026 12:00:00 AM,9/2/2026 12:00:00 AM,2328288.71,1/1/0001 12:00:00 AM,EUR,0.87,EUR,0.86,2000000,2000000,0
62,Syria,SYR62,ERF/3558/77584/84480/2025,2026,Government of Canada,119,7,Canada,CA,5/1/2025 12:00:00 AM,1334776.33,3/19/2025 12:00:00 AM,7/14/2026 12:00:00 AM,1311237.36,1/1/0001 12:00:00 AM,CAD,1.44,CAD,1.41,1850000,1850155.91,0
62,Syria,SYR62,ERF/3558/77800/85548/2025,2026,Government of Luxembourg,10,15,Luxembourg,LU,12/11/2025 12:00:00 AM,347624.57,11/3/2025 12:00:00 AM,4/13/2026 12:00:00 AM,343642.61,1/1/0001 12:00:00 AM,EUR,0.86,EUR,0.87,300000,300000,0
62,Syria,SYR62,ERF/3558/77981/85232/2026,2026,Sida,20,22,Sweden,SE,3/16/2026 12:00:00 AM,4511762.81,2/2/2026 12:00:00 AM,3/30/2026 12:00:00 AM,4478494.13,1/1/0001 12:00:00 AM,SEK,8.81,SEK,9.38,42000000,41999317.95,0
62,Syria,SYR62,ERF/3558/78091/85572/2026,2026,Government of Denmark,5,8,Denmark,DK,3/23/2026 12:00:00 AM,9259259.26,3/19/2026 12:00:00 AM,4/16/2026 12:00:00 AM,9428844.6,1/1/0001 12:00:00 AM,DKK,6.48,DKK,6.36,60000000,59995738.19,0
62,Syria,SYR62,ERF/3558/78135/85653/2026,2026,EUROPEAN UNION,105,105,European Commission,EU,8/14/2026 12:00:00 AM,9205983.89,5/22/2026 12:00:00 AM,8/26/2026 12:00:00 AM,9227220.3,1/1/0001 12:00:00 AM,EUR,0.85,EUR,0.87,8000000,8000000,0
62,Syria,SYR62,ERF/3558/78224/85806/2026,2026,Government of Netherlands,11,16,Netherlands,NL,7/14/2026 12:00:00 AM,16000000,7/10/2026 12:00:00 AM,7/16/2026 12:00:00 AM,16000000,1/1/0001 12:00:00 AM,EUR,0.88,EUR,0.88,14000000,14000000,0
62,Syria,SYR62,ERF/3558-US/77991/85340/2026,2026,United States,102,102,United States,US,2/20/2026 12:00:00 AM,150000000,2/16/2026 12:00:00 AM,3/10/2026 12:00:00 AM,150000000,1/1/0001 12:00:00 AM,USD,1,USD,1,150000000,150000000,0
62,Syria,SYR62,ERF/3558/78110/85620/2026,2026,Government of Spain,15,21,Spain,ES,5/28/2026 12:00:00 AM,2049180.33,4/23/2026 12:00:00 AM,6/16/2026 12:00:00 AM,2016129.03,1/1/0001 12:00:00 AM,EUR,0.85,EUR,0.87,1750000,1750000,0
62,Syria,SYR62,ERF/3558/78082/85562/2026,2026,Government of Norway,12,17,Norway,NO,5/13/2026 12:00:00 AM,2151231.58,4/15/2026 12:00:00 AM,5/22/2026 12:00:00 AM,2168433.55,1/1/0001 12:00:00 AM,NOK,9.48,NOK,9.22,20000000,19999462.61,0
62,Syria,SYR62,ERF/3558/78164/85692/2026,2026,Government of Luxembourg,10,15,Luxembourg,LU,6/25/2026 12:00:00 AM,345622.12,6/8/2026 12:00:00 AM,6/17/2026 12:00:00 AM,345622.12,1/1/0001 12:00:00 AM,EUR,0.86,EUR,0.87,300000,300000,0
62,Syria,SYR62,ERF/3558/78148/85670/2026,2026,IRISH AID,23,13,Ireland,IE,7/6/2026 12:00:00 AM,2857142.86,5/27/2026 12:00:00 AM,7/13/2026 12:00:00 AM,2857142.86,1/1/0001 12:00:00 AM,EUR,0.85,EUR,0.88,2500000,2500000,0
62,Syria,SYR62,ERF/3558/78177/85719/2026,2026,Government of Switzerland,16,24,Switzerland,CH,7/29/2026 12:00:00 AM,4938271.6,6/15/2026 12:00:00 AM,7/31/2026 12:00:00 AM,4938271.6,1/1/0001 12:00:00 AM,CHF,0.8,CHF,0.81,4000000,4000000,0
62,Syria,SYR62,ERF/3558/78198/85741/2026,2026,Government of Poland,13,18,Poland,PL,6/26/2026 12:00:00 AM,974817.22,6/26/2026 12:00:00 AM,7/17/2026 12:00:00 AM,943917.9,1/1/0001 12:00:00 AM,PLN,3.69,PLN,3.81,3600000,3600102.87,0
70,Syria Cross border,TUR70,ERF/3559/78112/85608/2026,2026,UN Foundation/UN Partnership Office,131,132,Private donations (through UNF),UNF,1/20/2026 12:00:00 AM,622.38,4/24/2026 12:00:00 AM,5/28/2026 12:00:00 AM,622.38,1/1/0001 12:00:00 AM,USD,1,USD,1,622.38,622.38,0
512,Uganda (ESAHF),UG512,ERF/UGA_RHPF_SEA-US/78156/85680/2026,2026,United States,102,102,United States,US,6/2/2026 12:00:00 AM,75000000,5/27/2026 12:00:00 AM,7/6/2026 12:00:00 AM,75000000,1/1/0001 12:00:00 AM,USD,1,USD,1,75000000,75000000,0
512,Uganda (ESAHF),UG512,ERF/UGA_RHPF_SEA-US/78003/85323/2026,2026,United States,102,102,United States,US,2/19/2026 12:00:00 AM,75000000,2/16/2026 12:00:00 AM,3/13/2026 12:00:00 AM,75000000,1/1/0001 12:00:00 AM,USD,1,USD,1,75000000,75000000,0
81,Ukraine,UKR81,ERF/UKR_CBPF-US/77989/85388/2026,2026,United States,102,102,United States,US,2/25/2026 12:00:00 AM,155000000,2/16/2026 12:00:00 AM,3/13/2026 12:00:00 AM,155000000,1/1/0001 12:00:00 AM,USD,1,USD,1,155000000,155000000,0
81,Ukraine,UKR81,ERF/UKR_CBPF/78016/85392/2026,2026,New Zealand,80,80,New Zealand,NZ,3/25/2026 12:00:00 AM,1469723.69,3/2/2026 12:00:00 AM,4/7/2026 12:00:00 AM,1418462.5,1/1/0001 12:00:00 AM,NZD,1.67,NZD,1.76,2500000,2499330.92,0
81,Ukraine,UKR81,ERF/UKR_CBPF/78270/85863/2026,2026,Government of Germany,7,11,Germany,DE,9/17/2026 12:00:00 AM,34802784.22,9/17/2026 12:00:00 AM,1/1/0001 12:00:00 AM,0,1/1/0001 12:00:00 AM,EUR,0.87,EUR,0,30000000,0,0
81,Ukraine,UKR81,ERF/UKR_CBPF/78112/85610/2026,2026,UN Foundation/UN Partnership Office,131,132,Private donations (through UNF),UNF,1/20/2026 12:00:00 AM,211956.69,4/24/2026 12:00:00 AM,5/28/2026 12:00:00 AM,211956.69,1/1/0001 12:00:00 AM,USD,1,USD,1,211956.69,211956.69,0
81,Ukraine,UKR81,ERF/UKR_CBPF/78117/85629/2026,2026,Catalan Agency for Development Cooperation,1016,185,Catalan Agency for Development Cooperation,ES-CT,6/4/2026 12:00:00 AM,930232.56,4/30/2026 12:00:00 AM,6/30/2026 12:00:00 AM,914285.71,1/1/0001 12:00:00 AM,EUR,0.85,EUR,0.88,800000,800000,0
81,Ukraine,UKR81,ERF/UKR_CBPF/78134/85652/2026,2026,EUROPEAN UNION,105,105,European Commission,EU,8/4/2026 12:00:00 AM,8055235.9,5/22/2026 12:00:00 AM,8/19/2026 12:00:00 AM,8073817.76,1/1/0001 12:00:00 AM,EUR,0.85,EUR,0.87,7000000,7000000,0
81,Ukraine,UKR81,ERF/UKR_CBPF/78149/85671/2026,2026,IRISH AID,23,13,Ireland,IE,7/15/2026 12:00:00 AM,5714285.71,5/27/2026 12:00:00 AM,7/28/2026 12:00:00 AM,5714285.71,1/1/0001 12:00:00 AM,EUR,0.85,EUR,0.88,5000000,5000000,0
81,Ukraine,UKR81,ERF/UKR_CBPF-US/78249/85835/2026,2026,United States,102,102,United States,US,8/7/2026 12:00:00 AM,180000000,8/7/2026 12:00:00 AM,1/1/0001 12:00:00 AM,0,1/1/0001 12:00:00 AM,USD,1,USD,0,180000000,0,0
81,Ukraine,UKR81,ERF/UKR_CBPF/78023/85399/2026,2026,Government of the United Kingdom (Former DFID),19,9,United Kingdom,GB,3/3/2026 12:00:00 AM,12466124.66,3/3/2026 12:00:00 AM,3/16/2026 12:00:00 AM,12299465.24,1/1/0001 12:00:00 AM,GBP,0.74,GBP,0.75,9200000,9200000,0
81,Ukraine,UKR81,ERF/UKR_CBPF/78042/85436/2026,2026,Government of Canada,119,7,Canada,CA,3/27/2026 12:00:00 AM,1727941.18,3/12/2026 12:00:00 AM,7/14/2026 12:00:00 AM,1665625.84,1/1/0001 12:00:00 AM,CAD,1.37,CAD,1.41,2350000,2350198.06,0
81,Ukraine,UKR81,ERF/UKR_CBPF/78110/85621/2026,2026,Government of Spain,15,21,Spain,ES,5/28/2026 12:00:00 AM,1990632.32,4/23/2026 12:00:00 AM,6/16/2026 12:00:00 AM,1958525.35,1/1/0001 12:00:00 AM,EUR,0.85,EUR,0.87,1700000,1700000,0
81,Ukraine,UKR81,ERF/UKR_CBPF/77597/84496/2025,2026,Government of Switzerland,16,24,Switzerland,CH,4/4/2025 12:00:00 AM,3397508.49,3/26/2025 12:00:00 AM,8/24/2026 12:00:00 AM,3694581.28,1/1/0001 12:00:00 AM,CHF,0.88,CHF,0.81,3000000,3000000,0
81,Ukraine,UKR81,ERF/UKR_CBPF/77800/85549/2025,2026,Government of Luxembourg,10,15,Luxembourg,LU,12/11/2025 12:00:00 AM,347624.57,11/3/2025 12:00:00 AM,4/13/2026 12:00:00 AM,343642.61,1/1/0001 12:00:00 AM,EUR,0.86,EUR,0.87,300000,300000,0
81,Ukraine,UKR81,ERF/UKR_CBPF/78102/85583/2026,2026,Lithuania,67,67,Lithuania,LT,4/22/2026 12:00:00 AM,234192.04,4/22/2026 12:00:00 AM,5/4/2026 12:00:00 AM,233918.13,1/1/0001 12:00:00 AM,EUR,0.85,EUR,0.85,200000,200000,0
81,Ukraine,UKR81,ERF/UKR_CBPF/78169/85697/2026,2026,New Zealand,80,80,New Zealand,NZ,6/17/2026 12:00:00 AM,1443418.01,6/9/2026 12:00:00 AM,7/1/2026 12:00:00 AM,1415127.01,1/1/0001 12:00:00 AM,NZD,1.69,NZD,1.77,2500000,2500529.43,0
81,Ukraine,UKR81,ERF/UKR_CBPF/77584/84478/2025,2026,Government of Canada,119,7,Canada,CA,5/1/2025 12:00:00 AM,1190476.19,3/19/2025 12:00:00 AM,7/14/2026 12:00:00 AM,1169481.97,1/1/0001 12:00:00 AM,CAD,1.44,CAD,1.41,1650000,1650139.06,0
81,Ukraine,UKR81,ERF/UKR_CBPF/78073/85528/2026,2026,Private Contributions,1011,,Private Contributions,UNF,4/8/2026 12:00:00 AM,10000,4/8/2026 12:00:00 AM,4/30/2026 12:00:00 AM,10000,1/1/0001 12:00:00 AM,USD,1,USD,1,10000,10000,0
81,Ukraine,UKR81,ERF/UKR_CBPF/77780/84895/2025,2026,Government of Germany,7,11,Germany,DE,12/9/2025 12:00:00 AM,9269988.41,10/17/2025 12:00:00 AM,2/19/2026 12:00:00 AM,9512485.14,1/1/0001 12:00:00 AM,EUR,0.87,EUR,0.84,8000000,8000000,0
81,Ukraine,UKR81,ERF/UKR_CBPF/78012/85378/2026,2026,Government of Finland,6,10,Finland,FI,3/24/2026 12:00:00 AM,3460207.61,2/25/2026 12:00:00 AM,3/31/2026 12:00:00 AM,3460207.61,1/1/0001 12:00:00 AM,EUR,0.84,EUR,0.87,3000000,3000000,0
81,Ukraine,UKR81,ERF/UKR_CBPF/78038/85420/2026,2026,Government of Denmark,5,8,Denmark,DK,3/13/2026 12:00:00 AM,7112375.53,3/12/2026 12:00:00 AM,4/9/2026 12:00:00 AM,6989355.37,1/1/0001 12:00:00 AM,DKK,6.33,DKK,6.44,45000000,44997469.87,0
81,Ukraine,UKR81,ERF/UKR_CBPF/78234/85817/2026,2026,Government of Netherlands,11,16,Netherlands,NL,7/14/2026 12:00:00 AM,14857142.86,7/10/2026 12:00:00 AM,7/22/2026 12:00:00 AM,14857142.86,1/1/0001 12:00:00 AM,EUR,0.88,EUR,0.88,13000000,13000000,0
81,Ukraine,UKR81,ERF/UKR_CBPF/78197/85740/2026,2026,Government of Poland,13,18,Poland,PL,6/26/2026 12:00:00 AM,1253946.66,6/26/2026 12:00:00 AM,7/15/2026 12:00:00 AM,1213630.65,1/1/0001 12:00:00 AM,PLN,3.69,PLN,3.82,4630825,4631214.56,0
81,Ukraine,UKR81,ERF/UKR_CBPF/77981/85233/2026,2026,Sida,20,22,Sweden,SE,3/16/2026 12:00:00 AM,2685573.1,2/2/2026 12:00:00 AM,3/30/2026 12:00:00 AM,2665770.32,1/1/0001 12:00:00 AM,SEK,8.81,SEK,9.38,25000000,24999594.02,0
81,Ukraine,UKR81,ERF/UKR_CBPF/78051/85478/2026,2026,Government of Norway,12,17,Norway,NO,5/29/2026 12:00:00 AM,8714596.95,3/23/2026 12:00:00 AM,6/2/2026 12:00:00 AM,8589472.29,1/1/0001 12:00:00 AM,NOK,9.67,NOK,9.31,80000000,80002344.93,0
81,Ukraine,UKR81,ERF/UKR_CBPF/78096/85577/2026,2026,Iceland,55,55,Iceland,IS,4/17/2026 12:00:00 AM,818263.64,4/17/2026 12:00:00 AM,5/6/2026 12:00:00 AM,806696.22,1/1/0001 12:00:00 AM,ISK,122.21,ISK,123.96,100000000,99999676.82,0
83,Venezuela,VEN83,ERF/VEN_CBPF/78200/85743/2026,2026,Government of Germany,7,11,Germany,DE,7/1/2026 12:00:00 AM,5142857.14,6/26/2026 12:00:00 AM,7/10/2026 12:00:00 AM,5142857.14,1/1/0001 12:00:00 AM,EUR,0.87,EUR,0.88,4500000,4500000,0
83,Venezuela,VEN83,ERF/VEN_CBPF/77981/85234/2026,2026,Sida,20,22,Sweden,SE,3/16/2026 12:00:00 AM,1396498.01,2/2/2026 12:00:00 AM,3/30/2026 12:00:00 AM,1386200.56,1/1/0001 12:00:00 AM,SEK,8.81,SEK,9.38,13000000,12999788.89,0
83,Venezuela,VEN83,ERF/VEN_CBPF/78042/85434/2026,2026,Government of Canada,119,7,Canada,CA,3/27/2026 12:00:00 AM,367647.06,3/12/2026 12:00:00 AM,7/14/2026 12:00:00 AM,354388.48,1/1/0001 12:00:00 AM,CAD,1.37,CAD,1.41,500000,500042.14,0
83,Venezuela,VEN83,ERF/VEN_CBPF/78110/85617/2026,2026,Government of Spain,15,21,Spain,ES,5/28/2026 12:00:00 AM,1405152.22,4/23/2026 12:00:00 AM,6/16/2026 12:00:00 AM,1382488.48,1/1/0001 12:00:00 AM,EUR,0.85,EUR,0.87,1200000,1200000,0
83,Venezuela,VEN83,ERF/VEN_CBPF/78144/85662/2026,2026,IRISH AID,23,13,Ireland,IE,5/27/2026 12:00:00 AM,1170960.19,5/26/2026 12:00:00 AM,6/2/2026 12:00:00 AM,1162790.7,1/1/0001 12:00:00 AM,EUR,0.85,EUR,0.86,1000000,1000000,0
83,Venezuela,VEN83,ERF/VEN_CBPF/78253/85844/2026,2026,San Marino,90,90,San Marino,SM,8/13/2026 12:00:00 AM,23014.96,8/13/2026 12:00:00 AM,1/1/0001 12:00:00 AM,0,1/1/0001 12:00:00 AM,EUR,0.87,EUR,0,20000,0,0
83,Venezuela,VEN83,ERF/VEN_CBPF/78019/85395/2026,2026,Government of Germany,7,11,Germany,DE,5/8/2026 12:00:00 AM,1754385.96,3/3/2026 12:00:00 AM,5/26/2026 12:00:00 AM,1756440.28,1/1/0001 12:00:00 AM,EUR,0.85,EUR,0.85,1500000,1500000,0
83,Venezuela,VEN83,ERF/VEN_CBPF-US/78208/85752/2026,2026,United States,102,102,United States,US,6/29/2026 12:00:00 AM,100000000,7/2/2026 12:00:00 AM,7/28/2026 12:00:00 AM,100000000,1/1/0001 12:00:00 AM,USD,1,USD,1,100000000,100000000,0
83,Venezuela,VEN83,ERF/VEN_CBPF/78250/85841/2026,2026,PRIVATE SECTOR,17,19,PRIVATE SECTOR,UNF,8/12/2026 12:00:00 AM,26847.77,8/10/2026 12:00:00 AM,8/14/2026 12:00:00 AM,26847.77,1/1/0001 12:00:00 AM,USD,1,USD,1,26847.77,26847.77,0
83,Venezuela,VEN83,ERF/VEN_CBPF/77584/84475/2025,2026,Government of Canada,119,7,Canada,CA,5/1/2025 12:00:00 AM,360750.36,3/19/2025 12:00:00 AM,7/14/2026 12:00:00 AM,354388.48,1/1/0001 12:00:00 AM,CAD,1.44,CAD,1.41,500000,500042.14,0
83,Venezuela,VEN83,ERF/VEN_CBPF/78137/85655/2026,2026,EUROPEAN UNION,105,105,European Commission,EU,7/13/2026 12:00:00 AM,2057142.86,5/22/2026 12:00:00 AM,8/21/2026 12:00:00 AM,2076124.57,1/1/0001 12:00:00 AM,EUR,0.85,EUR,0.87,1800000,1800000,0
83,Venezuela,VEN83,ERF/VEN_CBPF/78216/85783/2026,2026,Government of Republic of Korea,14,63,Republic of Korea,KR,7/3/2026 12:00:00 AM,1250000,7/2/2026 12:00:00 AM,7/9/2026 12:00:00 AM,1250000,1/1/0001 12:00:00 AM,USD,1,USD,1,1250000,1250000,0
83,Venezuela,VEN83,ERF/VEN_CBPF/78251/85842/2026,2026,Greece,53,53,Greece,GR,8/17/2026 12:00:00 AM,173010.38,8/17/2026 12:00:00 AM,1/1/0001 12:00:00 AM,0,1/1/0001 12:00:00 AM,EUR,0.87,EUR,0,150000,0,0
83,Venezuela,VEN83,ERF/VEN_CBPF/77831/84970/2025,2026,Government of Switzerland,16,24,Switzerland,CH,11/19/2025 12:00:00 AM,750938.67,11/18/2025 12:00:00 AM,11/25/2025 12:00:00 AM,750938.67,1/1/0001 12:00:00 AM,CHF,0.8,CHF,0.8,600000,600000,0
83,Venezuela,VEN83,ERF/VEN_CBPF/78112/85615/2026,2026,UN Foundation/UN Partnership Office,131,132,Private donations (through UNF),UNF,1/20/2026 12:00:00 AM,1885.56,4/24/2026 12:00:00 AM,5/28/2026 12:00:00 AM,1885.56,1/1/0001 12:00:00 AM,USD,1,USD,1,1885.56,1885.56,0
83,Venezuela,VEN83,ERF/VEN_CBPF/78240/85823/2026,2026,Romania,88,88,Romania,RO,7/20/2026 12:00:00 AM,171428.57,7/20/2026 12:00:00 AM,8/13/2026 12:00:00 AM,172612.2,1/1/0001 12:00:00 AM,EUR,0.88,EUR,0.87,150000,150000,0
64,Yemen,YEM64,ERF/3420/77584/84481/2025,2026,Government of Canada,119,7,Canada,CA,5/1/2025 12:00:00 AM,468975.47,3/19/2025 12:00:00 AM,7/14/2026 12:00:00 AM,460705.02,1/1/0001 12:00:00 AM,CAD,1.44,CAD,1.41,650000,650054.78,0
64,Yemen,YEM64,ERF/3420/78031/85412/2026,2026,Jersey,120,120,Jersey,JE,3/24/2026 12:00:00 AM,280748.66,3/9/2026 12:00:00 AM,4/1/2026 12:00:00 AM,276679.84,1/1/0001 12:00:00 AM,GBP,0.74,GBP,0.76,210000,210000,0
64,Yemen,YEM64,ERF/3420/78042/85440/2026,2026,Government of Canada,119,7,Canada,CA,3/27/2026 12:00:00 AM,735294.12,3/12/2026 12:00:00 AM,7/14/2026 12:00:00 AM,708776.95,1/1/0001 12:00:00 AM,CAD,1.37,CAD,1.41,1000000,1000084.28,0
64,Yemen,YEM64,ERF/3420/75833/82176/2023,2026,Saudi Arabia,91,91,Saudi Arabia,SA,10/25/2023 12:00:00 AM,3000000,10/24/2023 12:00:00 AM,6/25/2026 12:00:00 AM,3000000,1/1/0001 12:00:00 AM,USD,1,USD,1,3000000,3000000,0
64,Yemen,YEM64,ERF/3420/78090/85571/2026,2026,Government of Denmark,5,8,Denmark,DK,3/23/2026 12:00:00 AM,5401234.57,3/19/2026 12:00:00 AM,4/16/2026 12:00:00 AM,5499907.84,1/1/0001 12:00:00 AM,DKK,6.48,DKK,6.36,35000000,35001413.49,0
64,Yemen,YEM64,ERF/3420/77764/84878/2025,2026,Kuwait,64,64,Kuwait,KW,10/14/2025 12:00:00 AM,500000,10/13/2025 12:00:00 AM,7/9/2026 12:00:00 AM,500000,1/1/0001 12:00:00 AM,USD,1,USD,1,500000,500000,0
64,Yemen,YEM64,ERF/3420/78082/85563/2026,2026,Government of Norway,12,17,Norway,NO,5/13/2026 12:00:00 AM,1613423.69,4/15/2026 12:00:00 AM,5/22/2026 12:00:00 AM,1626325.16,1/1/0001 12:00:00 AM,NOK,9.48,NOK,9.22,15000000,14999596.96,0
64,Yemen,YEM64,ERF/3420/78085/85566/2026,2026,Iceland,55,55,Iceland,IS,4/17/2026 12:00:00 AM,490958.19,4/16/2026 12:00:00 AM,4/29/2026 12:00:00 AM,485184.1,1/1/0001 12:00:00 AM,ISK,122.21,ISK,123.66,60000000,59999806.54,0
64,Yemen,YEM64,ERF/3420/78112/85611/2026,2026,UN Foundation/UN Partnership Office,131,132,Private donations (through UNF),UNF,1/20/2026 12:00:00 AM,6989.54,4/24/2026 12:00:00 AM,5/28/2026 12:00:00 AM,6989.54,1/1/0001 12:00:00 AM,USD,1,USD,1,6989.54,6989.54,0
64,Yemen,YEM64,ERF/3420/78056/85508/2026,2026,Government of Philippines,85,85,Philippines,PH,3/24/2026 12:00:00 AM,100000,3/24/2026 12:00:00 AM,6/3/2026 12:00:00 AM,100000,1/1/0001 12:00:00 AM,USD,1,USD,1,100000,100000,0
64,Yemen,YEM64,ERF/3420/78224/85808/2026,2026,Government of Netherlands,11,16,Netherlands,NL,7/14/2026 12:00:00 AM,18285714.29,7/10/2026 12:00:00 AM,7/16/2026 12:00:00 AM,18285714.29,1/1/0001 12:00:00 AM,EUR,0.88,EUR,0.88,16000000,16000000,0
64,Yemen,YEM64,ERF/3420/77800/85550/2025,2026,Government of Luxembourg,10,15,Luxembourg,LU,12/11/2025 12:00:00 AM,347624.57,11/3/2025 12:00:00 AM,4/13/2026 12:00:00 AM,343642.61,1/1/0001 12:00:00 AM,EUR,0.86,EUR,0.87,300000,300000,0
64,Yemen,YEM64,ERF/3420/78012/85419/2026,2026,Government of Finland,6,10,Finland,FI,3/24/2026 12:00:00 AM,3460207.61,2/25/2026 12:00:00 AM,3/31/2026 12:00:00 AM,3460207.61,1/1/0001 12:00:00 AM,EUR,0.84,EUR,0.87,3000000,3000000,0
